ScientificName,CommonName,NativeStatus,RarityStatus,InvasiveStatus
Abies balsamea,balsam fir,N,,
Abutilon theophrasti,velvet leaf,I,,
Acalypha rhomboidea,three-seeded mercury,N,,
Acer ginnala,amur maple,I,,
Acer negundo,box elder,N,,
Acer negundo var. interius ,box elder,N,,
Acer negundo var. negundo ,box elder,N,,
Acer nigrum,black maple,N,,
Acer platanoides,Norway maple,I,,
Acer rubrum,red maple,N,,
Acer saccharinum,silver maple,N,,
Acer saccharum,sugar maple,N,,
Acer spicatum,mountain maple,N,,
Achillea alpina,Siberian yarrow,N,T,
Achillea millefolium,common yarrow,U,,
Achillea ptarmica,pearly yarrow,I,,
Achnatherum hymenoides,Indian rice grass,N,E,
Acorus americanus,sweet flag,N,,
Actaea pachypoda,white baneberry,N,,
Actaea rubra,red baneberry,N,,
Adiantum pedatum,maidenhair fern,N,,
Adlumia fungosa,Allegheny vine,N,SC,
Adoxa moschatellina,moschatel,N,,
Aegopodium podagraria,goutweed,I,,
Aethusa cynapium,fool's-parsley,I,,
Agalinis aspera,rough false foxglove,N,,
Agalinis auriculata,eared false foxglove,N,E,
Agalinis gattingeri,round-stemmed false foxglove,N,E,
Agalinis purpurea,purple false foxglove,N,,
Agalinis purpurea var. parviflora,purple false foxglove,N,,
Agalinis purpurea var. purpurea,purple false foxglove,N,W,
Agalinis tenuifolia,slender-leaved false foxglove,N,,
Agastache foeniculum,blue giant hyssop,N,,
Agastache nepetoides,yellow giant hyssop,N,H,
Agastache scrophulariaefolia,purple giant hyssop,N,,
Ageratina altissima var. altissima,white snakeroot,N,,
Agoseris glauca var. glauca,glaucous false dandelion,N,,
Agrimonia gryposepala,common agrimony,N,,
Agrimonia pubescens,downy agrimony,N,,
Agrimonia striata,roadside agrimony,N,,
Agropyron cristatum,crested wheatgrass,I,,
Agrostemma githago var. githago,purple cockle,I,,
Agrostis gigantea,redtop,I,,
Agrostis hyemalis,winter bentgrass,N,E,
Agrostis perennans,autumn bentgrass,N,,
Agrostis scabra,rough bentgrass,N,,
Agrostis stolonifera,spreading bentgrass,I,,
Alisma gramineum,narrow-leaved water plantain,N,SC,
Alisma subcordatum,heart-leaved water plantain,N,,
Alisma triviale,common water plantain,N,,
Alliaria petiolata,garlic mustard,I,,SN
Allium canadense var. canadense,wild garlic,N,,
Allium cernuum,nodding wild onion,N,SC,
Allium schoenoprasum,wild chives,N,E,
Allium stellatum,prairie wild onion,N,,
Allium textile,white wild onion,N,,
Allium tricoccum,wild leek,N,,
Allium tricoccum var. burdickii ,Burdick's leek,N,,
Allium tricoccum var. tricoccum ,wild leek,N,,
Alnus incana subsp. rugosa,speckled alder,N,,
Alnus viridis subsp. crispa,green alder,N,,
Alopecurus aequalis var. aequalis,short-awn foxtail,N,,
Alopecurus carolinianus,Carolina foxtail,N,,
Alopecurus geniculatus,water foxtail,I,,
Alopecurus pratensis,meadow foxtail,I,,
Alyssum alyssoides,alyssum,I,,
Amaranthus albus,tumbleweed amaranth,N,,
Amaranthus blitoides,prostrate pigweed,I,,
Amaranthus hybridus,smooth pigweed,I,,
Amaranthus powellii,Powell's amaranth,I,,
Amaranthus retroflexus,redroot amaranth,I,,
Amaranthus tuberculatus,tubercled amaranth,N,,
Ambrosia acanthicarpa,annual bursage,I,,
Ambrosia artemisiifolia,common ragweed,N,,
Ambrosia psilostachya,western ragweed,N,,
Ambrosia trifida,great ragweed,N,,
Amelanchier alnifolia,saskatoon juneberry,N,,
Amelanchier arborea,downy serviceberry,N,,
Amelanchier bartramiana,northern juneberry,N,,
Amelanchier humilis,low juneberry,N,,
Amelanchier interior,inland juneberry,N,,
Amelanchier ×intermedia,intermediate juneberry,N,,
Amelanchier laevis,smooth juneberry,N,,
Amelanchier sanguinea,round-leaved juneberry,N,,
Amelanchier spicata,creeping juneberry,N,,
Amerorchis rotundifolia,small round-leaved orchis,N,,
Ammannia coccinea,ammannia,N,,
Ammophila breviligulata subsp. breviligulata ,beachgrass,N,T,
Amorpha canescens,leadplant,N,,
Amorpha fruticosa,false indigo,N,,
Amorpha nana,fragrant false indigo,N,,
Amphicarpaea bracteata,hog peanut,N,,
Anagallis arvensis,pimpernel,I,,
Anagallis minima,chaffweed,N,H,
Anaphalis margaritacea,pearly everlasting,N,,
Anchusa arvensis,alkanet,I,,
Andromeda polifolia var. latifolia,bog rosemary,N,,
Andropogon gerardii,big bluestem,N,,
Androsace occidentalis,western androsace,N,,
Androsace septentrionalis,northern androsace,N,SC,
Anemone acutiloba,sharp-lobed hepatica,N,,
Anemone americana,round-lobed hepatica,N,,
Anemone canadensis,canada anemone,N,,
Anemone caroliniana,Carolina thimbleweed,N,,
Anemone cylindrica,long-headed thimbleweed,N,,
Anemone multifida var. multifida,cutleaf anemone,U,H,
Anemone patens var. multifida,pasqueflower,N,,
Anemone quinquefolia var. quinquefolia,wood anemone,N,,
Anemone virginiana,tall thimbleweed,N,,
Anemone virginiana var. alba,tall thimbleweed,N,,
Anemone virginiana var. virginiana,tall thimbleweed,N,,
Anethum graveolens,dill,I,,
Angelica atropurpurea,angelica,N,,
Antennaria howellii,Howell's pussytoes,N,,
Antennaria howellii subsp. canadensis,Howell's pussytoes,N,,
Antennaria howellii subsp. neodioica,Howell's pussytoes,N,,
Antennaria howellii subsp. petaloidea,Howell's pussytoes,N,,
Antennaria microphylla,tiny-leaved pussytoes,N,,
Antennaria neglecta,field pussytoes,N,,
Antennaria parlinii,Parlin's pussytoes,N,,
Antennaria parlinii subsp. fallax,Parlin's pussytoes,N,,
Antennaria parlinii subsp. parlinii,Parlin's pussytoes,N,,
Antennaria parvifolia,small-leaved pussytoes,N,SC,
Antennaria plantaginifolia,plantain-leaved pussytoes,N,,
Anthemis cotula,dog fennel,I,,
Anthoxanthum hirtum,sweet grass,N,,
Anthriscus sylvestris,chervil,I,,
Apios americana,groundnut,N,,
Aplectrum hyemale,puttyroot,N,,
Apocynum androsaemifolium,spreading dogbane,N,,
Apocynum cannabinum,American hemp,N,,
Apocynum ×floribundum,intermediate dogbane,N,,
Apocynum sibiricum,clasping dogbane,N,,
Aquilegia canadensis,columbine,N,,
Arabidopsis lyrata subsp. lyrata,lyre-leaved rock cress,N,,
Arabis laevigata var. laevigata,smooth rock cress,N,SC,
Arabis pycnocarpa var. pycnocarpa,hairy rock cress,N,,
Aralia hispida,bristly sarsaparilla,N,,
Aralia nudicaulis,wild sarsaparilla,N,,
Aralia racemosa,American spikenard,N,,
Arceuthobium pusillum,dwarf mistletoe,N,,
Arctium minus,common burdock,I,,
Arctostaphylos uva-ursi,bearberry,N,,
Arenaria serpyllifolia var. serpyllifolia,thyme-leaved sandwort,I,,
Arethusa bulbosa,dragon's mouth,N,,
Arisaema dracontium,green dragon,N,SC,
Arisaema triphyllum,Jack-in-the-pulpit,N,,
Aristida basiramea,base-branched three-awn,N,,
Aristida dichotoma var. curtissii ,churchmouse three-awn,N,,
Aristida longespica var. geniculata,slimspike three-awn,N,E,
Aristida oligantha,prairie three-awn,N,,
Aristida purpurea var. longiseta ,red three-awn,N,SC,
Aristida tuberculosa,seaside three-awn,N,T,
Armoracia rusticana,horseradish,I,,
Arnica lonchophylla,long-leaved arnica,N,T,
Arnoglossum plantagineum,tuberous Indian plantain,N,T,
Arnoglossum reniforme,great Indian plantain,N,T,
Aronia melanocarpa,black chokeberry,N,,
Arrhenatherum elatius subsp. elatius,tall oat grass,I,,
Artemisia abrotanum,southernwood,I,,
Artemisia absinthium,absinthe wormwood,I,,
Artemisia biennis,biennial wormwood,I,,
Artemisia campestris subsp. caudata,field sagewort,N,,
Artemisia dracunculus,tarragon,N,,
Artemisia frigida,sage wormwood,N,,
Artemisia ludoviciana subsp. ludoviciana,white sage,N,,
Artemisia serrata,saw-tooth wormwood,N,,
Artemisia vulgaris,common wormwood,I,,
Asarum canadense,wild ginger,N,,
Asclepias amplexicaulis,clasping milkweed,N,T,
Asclepias exaltata,poke milkweed,N,,
Asclepias hirtella,prairie milkweed,N,T,
Asclepias incarnata var. incarnata,swamp milkweed,N,,
Asclepias lanuginosa,woolly milkweed,N,,
Asclepias ovalifolia,oval-leaved milkweed,N,,
Asclepias purpurascens,purple milkweed,N,H,
Asclepias speciosa,showy milkweed,N,,
Asclepias stenophylla,narrow-leaved milkweed,N,E,
Asclepias sullivantii,Sullivant's milkweed,N,T,
Asclepias syriaca,common milkweed,N,,
Asclepias tuberosa var. interior,butterflyweed,N,,
Asclepias verticillata,whorled milkweed,N,,
Asclepias viridiflora,green milkweed,N,,
Asparagus officinalis,asparagus,I,,
Asplenium platyneuron,ebony spleenwort,N,SC,
Asplenium rhizophyllum,walking fern,N,,
Asplenium trichomanes subsp. trichomanes,maidenhair spleenwort,N,T,
Astragalus adsurgens var. robustior,prairie milk-vetch,N,,
Astragalus agrestis,fieldmilk-vetch,N,,
Astragalus alpinus var. alpinus,alpine milk-vetch,N,E,
Astragalus canadensis,Canada milk-vetch,N,,
Astragalus crassicarpus var. crassicarpus,ground plum,N,,
Astragalus flexuosus var. flexuosus,slender milk-vetch,N,SC,
Astragalus lotiflorus,lotus milk-vetch,N,,
Astragalus missouriensis var. missouriensis,Missouri milk-vetch,N,SC,
Astragalus neglectus,Cooper's milk-vetch,N,,
Astragalus racemosus var. racemosus,racemose milk-vetch,N,H,
Astragalus tenellus,loose-flowered milk-vetch,N,H,
Athyrium filix-femina var. angustum,lady fern,N,,
Atriplex patula,spearscale,I,,
Atriplex prostrata,thinleaf orach,N,,
Aureolaria grandiflora var. pulchra,large-flowered false foxglove,N,H,
Aureolaria pedicularia,fernleaf false foxglove,N,T,
Avena fatua,wild oats,I,,
Avena sativa,cultivated oats,I,,
Avenula hookeri,spike oat,N,SC,
Axyris amaranthoides,Russian pigweed,I,,
Azolla mexicana,Mexican mosquito-fern,N,SC,
Bacopa rotundifolia,water-hyssop,N,T,
Baptisia bracteata var. glabrescens,plains wild indigo,N,SC,
Baptisia lactea var. lactea,white wild indigo,N,SC,
Barbarea orthoceras,winter-cress,I,,
Barbarea vulgaris,yellow rocket,I,,
Bartonia virginica,yellow bartonia,N,E,
Beckmannia syzigachne,American slough grass,N,,
Berberis thunbergii,Japanese barberry,I,,
Berberis vulgaris,common barberry,I,,
Berteroa incana,hoary alyssum,I,,RS
Berula erecta,stream parsnip,N,SC,
Besseya bullii,kitten-tails,N,T,
Betula alleghaniensis,yellow birch,N,,
Betula cordifolia,heart-leaved birch,N,,
Betula nigra,river birch,N,,
Betula papyrifera,paper birch,N,,
Betula pumila,bog birch,N,,
Betula ×purpusii,Purpus' birch,N,,
Betula ×rosendahlii,Rosendahl's birch,N,,
Betula ×sandbergii,Sandberg's birch,N,,
Bidens beckii,water marigold,N,,
Bidens cernua,nodding bur marigold,N,,
Bidens connata,swamp beggarticks,N,,
Bidens discoidea,discoid beggarticks,N,SC,
Bidens frondosa,leafy beggarticks,N,,
Bidens trichosperma,showy beggarticks,N,,
Bidens tripartita,tufted beggarticks,N,,
Bidens vulgata,common beggarticks,N,,
Bistorta vivipara,alpine bistort,N,T,
Blephilia hirsuta,woodmint,N,,
Blephilia subnuda,Cumberland pagoda plant,I,,
Boechera canadensis,sicklepod,N,,
Boechera collinsii,Collins' rockcress,N,H,
Boechera dentata,stellate rock cress,N,,
Boechera grahamii,spreading rock cress,N,,
Boechera missouriensis,green rockcress,N,,
Boechera retrofracta,Holboell's rock cress,N,T,
Boechera stricta,Drummond's rock cress,N,,
Boehmeria cylindrica,false nettle,N,,
Bolboschoenus fluviatilis,river bulrush,N,,
Bolboschoenus maritimus subsp. paludosus,prairie bulrush,N,,
Boltonia asteroides,false aster,N,,
Boltonia asteroides var. latisquama,false aster,N,,
Boltonia asteroides var. recognita,false aster,N,,
Botrychium acuminatum,tailed grapefern,N,SC,
Botrychium ascendens,upswept moonwort,N,E,
Botrychium campestre,prairie moonwort,N,SC,
Botrychium crenulatum,dainty moonwort,N,,
Botrychium dissectum,dissected grapefern,N,,
Botrychium gallicomontanum,Frenchman's bluff moonwort,N,E,
Botrychium lanceolatum subsp. angustisegmentum,narrow triangle moonwort,N,T,
Botrychium lineare,slender moonwort,N,E,
Botrychium lunaria,common moonwort,N,T,
Botrychium matricariifolium,matricary grapefern,N,,
Botrychium michiganense,Michigan moonwort,N,W,
Botrychium minganense,Mingan moonwort,N,SC,
Botrychium mormo,goblin fern,N,T,
Botrychium multifidum,leathery grapefern,N,,
Botrychium oneidense,blunt-lobed grapefern,N,T,
Botrychium pallidum,pale moonwort,N,SC,
Botrychium rugulosum,St. Lawrence grapefern,N,SC,
Botrychium simplex,least moonwort,N,SC,
Botrychium spathulatum,spatulate moonwort,N,E,
Botrychium virginianum,rattlesnake fern,N,,
Bouteloua curtipendula var. curtipendula,side-oats grama,N,,
Bouteloua gracilis,blue grama,N,,
Bouteloua hirsuta var. hirsuta,hairy grama,N,,
Brachyelytrum aristosum,northern shorthusk,N,,
Brachyelytrum erectum,bearded shorthusk,N,,
Brasenia schreberi,watershield,N,,
Brassica juncea,Indian mustard,I,,
Brassica nigra,black mustard,I,,
Brassica rapa,field mustard,I,,
Brickellia eupatorioides var. corymbulosa,false boneset,N,,
Bromus ciliatus,fringed brome,N,,
Bromus inermis,smooth brome,I,,
Bromus japonicus,Japenese brome,I,,
Bromus kalmii,Kalm's brome,N,,
Bromus latiglumis,broad-glumed brome,N,,
Bromus pubescens,hairy brome,N,,
Bromus secalinus,rye brome,I,,
Bromus tectorum,cheatgrass,I,,
Buchloe dactyloides,buffalo grass,N,SC,
Bulbostylis capillaris,densetuft hairsedge,N,,
Butomus umbellatus,flowering rush,I,,PI
Calamagrostis canadensis,bluejoint,N,,
Calamagrostis canadensis var. canadensis ,bluejoint,N,,
Calamagrostis canadensis var. langsdorfii ,bluejoint,N,,
Calamagrostis canadensis var. macouniana,,N,,
Calamagrostis lacustris,narrow reedgrass,N,SC,
Calamagrostis montanensis,Plains reedgrass,N,SC,
Calamagrostis purpurascens,purple reedgrass,N,E,
Calamagrostis stricta,slimstem reedgrass,N,,
Calamagrostis stricta subsp. inexpansa,,N,,
Calamagrostis stricta subsp. stricta,narrow reedgrass,N,,
Calamovilfa longifolia var. longifolia,prairie sandreed,N,,
Calla palustris,wild calla,N,,
Callitriche hermaphroditica,autumn water starwort,N,,
Callitriche heterophylla,larger water starwort,N,T,
Callitriche palustris,spring water starwort,N,,
Calopogon oklahomensis,Oklahoma grass pink,N,H,
Calopogon tuberosus var. tuberosus,tuberous grass pink,N,,
Caltha natans,floating marsh marigold,N,E,
Caltha palustris,common marsh marigold,N,,
Calylophus serrulatus,toothed evening primrose,N,,
Calypso bulbosa var. americana,fairy slipper,N,,
Calystegia sepium,hedge bindweed,N,,
Calystegia spithamaea,upright bindweed,N,,
Camelina alyssum,European false flax,I,,
Camelina microcarpa,small-seeded false flax,I,,
Camelina sativa,large-seeded false flax,I,,
Campanula americana,tall bellflower,N,,
Campanula aparinoides,marsh bellflower,N,,
Campanula aparinoides var. aparinoides,marsh bellflower,N,,
Campanula aparinoides var. grandiflora,marsh bellflower,N,,
Campanula cervicaria,bristly bluebells,I,,
Campanula rapunculoides,European bellflower,I,,
Campanula rotundifolia,harebell,N,,
Canadanthus modestus,modest aster,N,W,
Cannabis sativa,marijuana,I,,PS
Capsella bursa-pastoris,shepherd's-purse,I,,
Caragana arborescens,Siberian peashrub,I,,
Cardamine bulbosa,spring cress,N,,
Cardamine concatenata,cut-leaved toothwort,N,,
Cardamine impatiens,narrowleaf bittercress,N,,
Cardamine parviflora,small-flowered bitter cress,N,,
Cardamine pensylvanica,Pensylvania bitter cress,N,,
Cardamine pratensis,cuckoo flower,N,T,
Carduus acanthoides subsp. acanthoides,plumeless thistle,I,,"SN,PS"
Carduus nutans,nodding thistle,I,,"SN,PS"
Carex adusta,browned sedge,N,,
Carex albursina,white bear sedge,N,,
Carex alopecoidea,foxtail sedge,N,,
Carex annectens,yellow-fruit sedge,N,SC,
Carex aquatilis,aquatic sedge,N,,
Carex aquatilis var. aquatilis,aquatic sedge,N,,
Carex aquatilis var. substricta,aquatic sedge,N,,
Carex arcta,northern clustered sedge,N,,
Carex arctata,drooping wood sedge,N,,
Carex assiniboinensis,assiniboine sedge,N,,
Carex atherodes,slough sedge,N,,
Carex aurea,golden-fruited sedge,N,,
Carex backii,Back's sedge,N,,
Carex bebbii,Bebb's sedge,N,,
Carex bicknellii,Bicknell's sedge,N,,
Carex blanda,charming sedge,N,,
Carex brevior,short sedge,N,,
Carex bromoides subsp. bromoides,brome-like sedge,N,,
Carex brunnescens,brownish sedge,N,,
Carex brunnescens subsp. brunnescens ,brownish sedge,N,,
Carex brunnescens subsp. sphaerostachya ,brownish sedge,N,,
Carex buxbaumii,Buxbaum's sedge,N,,
Carex canescens,silvery sedge,N,,
Carex canescens subsp. canescens ,silvery sedge,N,,
Carex canescens subsp. disjuncta ,silvery sedge,N,,
Carex capillaris,hair-like sedge,N,W,
Carex careyana,Carey's sedge,N,E,
Carex castanea,chestnut-colored sedge,N,,
Carex cephaloidea,cluster bracted sedge,N,,
Carex cephalophora,oval-headed sedge,N,,
Carex chordorrhiza,creeping sedge,N,,
Carex communis var. communis,colonial sedge,N,,
Carex comosa,bristly sedge,N,,
Carex conjuncta,jointed sedge,N,T,
Carex conoidea,field sedge,N,,
Carex crawei,Crawe's sedge,N,,
Carex crawfordii,Crawford's sedge,N,,
Carex crinita var. crinita,fringe sedge,N,,
Carex cristatella,crested sedge,N,,
Carex crus-corvi,raven's foot sedge,N,H,
Carex cryptolepis,cryptic sedge,N,,
Carex davisii,Davis' sedge,N,T,
Carex debilis var. rudgei,weak sedge,N,W,
Carex deflexa var. deflexa,northern sedge,N,,
Carex deweyana var. deweyana,Dewey's sedge,N,,
Carex diandra,lesser panicled sedge,N,,
Carex disperma,soft-leaved sedge,N,,
Carex duriuscula,spike rush sedge,N,,
Carex eburnea,ivory sedge,N,,
Carex echinata subsp. echinata,slender sedge,N,,
Carex emoryi,Emory's sedge,N,,
Carex exilis,coastal sedge,N,SC,
Carex festucacea,fescue sedge,N,T,
Carex filifolia var. filifolia,thread-leaved sedge,N,,
Carex flava,yellow sedge,N,SC,
Carex foenea,hay sedge,N,,
Carex formosa,handsome sedge,N,E,
Carex garberi,Garber's sedge,N,T,
Carex gracillima,graceful sedge,N,,
Carex granularis,granular sedge,N,,
Carex gravida,heavy sedge,N,,
Carex grayi,Gray's sedge,N,SC,
Carex grisea,ambiguous sedge,N,,
Carex gynandra,nodding sedge,N,,
Carex gynocrates,feminine sedge,N,,
Carex hallii,Hall's sedge,N,SC,
Carex haydenii,Hayden's sedge,N,,
Carex hirtifolia,hairy-leaved sedge,N,,
Carex hitchcockiana,Hitchcock's sedge,N,,
Carex hookerana,Hooker's sedge,N,SC,
Carex houghtoniana,Houghton's sedge,N,,
Carex hystericina,porcupine sedge,N,,
Carex inops subsp. heliophila,sun-loving sedge,N,,
Carex interior,interior sedge,N,,
Carex intumescens,bladder sedge,N,,
Carex jamesii,James' sedge,N,T,
Carex ×knieskernii,Kniekern's sedge,N,,
Carex lacustris,lake sedge,N,,
Carex laeviconica,smooth-cone sedge,N,,
Carex laevivaginata,smooth-sheathed sedge,N,T,
Carex lasiocarpa subsp. americana,fen wiregrass sedge,N,,
Carex laxiculmis var. copulata,spreading sedge,N,T,
Carex lenticularis var. lenticularis,lenticular sedge,N,,
Carex leptalea,bristle-stalked sedge,N,,
Carex leptonervia,fine-nerved sedge,N,,
Carex limosa,candle-lantern sedge,N,,
Carex livida,lead-colored sedge,N,,
Carex lucorum var. lucorum,Blue Ridge sedge,N,,
Carex lupulina,hop umbrella sedge,N,,
Carex lurida,sallow sedge,N,W,
Carex magellanica subsp. irrigua,poor sedge,N,,
Carex meadii,Mead's sedge,N,,
Carex media,intermediate sedge,N,SC,
Carex merritt-fernaldii,Fernald's sedge,N,,
Carex michauxiana,Michaux's sedge,N,SC,
Carex molesta,troublesome sedge,N,,
Carex muehlenbergii,Muhlenberg's sedge,N,,
Carex muehlenbergii var. enervis ,Muehlenberg's sedge,N,,
Carex muehlenbergii var. muehlenbergii ,Muhlenberg's sedge,N,,
Carex muskingumensis,Muskingum sedge,N,SC,
Carex normalis,right-angle sedge,N,,
Carex novae-angliae,New England sedge,N,T,
Carex obtusata,blunt sedge,N,SC,
Carex oligocarpa,few-fruited sedge,N,,
Carex oligosperma,bog wiregrass sedge,N,,
Carex ormostachya,necklace sedge,N,SC,
Carex pallescens,pale sedge,N,E,
Carex pauciflora,few-flowered sedge,N,,
Carex peckii,Peck's sedge,N,,
Carex pedunculata,long-stalked sedge,N,,
Carex pellita,woolly sedge,N,,
Carex pensylvanica,Pennsylvania sedge,N,,
Carex plantaginea,plantain-leaved sedge,N,E,
Carex praegracilis,very slender sedge,N,,
Carex prairea,prairie sedge,N,,
Carex praticola,prairie-dweller sedge,N,SC,
Carex projecta,projecting sedge,N,,
Carex pseudocyperus,cyperus sedge,N,,
Carex radiata,eastern star sedge,N,,
Carex retrorsa,retrorse sedge,N,,
Carex richardsonii,Richardson's sedge,N,,
Carex rosea,starry sedge,N,,
Carex rossii,Ross' sedge,N,T,
Carex rostrata,beaked sedge,N,,
Carex sartwellii,Sartwell's sedge,N,,
Carex saximontana,Rocky Mountain sedge,N,,
Carex scirpoidea subsp. scirpoidea,northern single-spike sedge,N,SC,
Carex scoparia var. scoparia,pointed broom sedge,N,,
Carex siccata,dry spike sedge,N,,
Carex sparganioides,bur-reed sedge,N,,
Carex sprengelii,Sprengel's sedge,N,,
Carex sterilis,sterile sedge,N,T,
Carex stipata var. stipata,awl-fruited sedge,N,,
Carex stricta,tussock sedge,N,,
Carex supina subsp. spaniocarpa,weak arctic sedge,N,E,
Carex sychnocephala,many-headed sedge,N,,
Carex tenera,marsh straw sedge,N,,
Carex tenera var. echinodes ,marsh straw sedge,N,,
Carex tenera var. tenera ,marsh straw sedge,N,,
Carex tenuiflora,sparse-flowered sedge,N,,
Carex tetanica,rigid sedge,N,,
Carex tonsa,shaved sedge,N,,
Carex tonsa var. rugosperma ,shaved sedge,N,,
Carex tonsa var. tonsa ,shaved sedge,N,,
Carex torreyi,Torrey's sedge,N,,
Carex tribuloides var. tribuloides,blunt broom sedge,N,,
Carex trichocarpa,hairy-fruited sedge,N,W,
Carex trisperma,three-seeded bog sedge,N,,
Carex tuckermanii,Tuckerman's sedge,N,,
Carex typhina,cattail sedge,N,SC,
Carex umbellata,umbel sedge,N,,
Carex utriculata,beaked sedge,N,,
Carex vaginata,sheathed sedge,N,,
Carex vesicaria,inflated sedge,N,,
Carex viridula var. viridula,green sedge,N,,
Carex vulpinoidea,fox sedge,N,,
Carex woodii,Wood's sedge,N,,
Carex xerantica,dry sedge,N,SC,
Carpinus caroliniana subsp. virginiana,blue beech,N,,
Carum carvi,caraway,I,,
Carya cordiformis,bitternut hickory,N,,
Carya ovata var. ovata,shagbark hickory,N,,
Castilleja coccinea,Indian paintbrush,N,,
Castilleja septentrionalis,northern paintbrush,N,E,
Castilleja sessiliflora,downy paintbrush,N,,
Catalpa speciosa,cigar tree,I,,
Caulophyllum thalictroides,blue cohosh,N,,
Ceanothus americanus var. pitcheri,American New Jersey tea,N,,
Ceanothus herbaceus,oval-leaved New Jersey tea,N,,
Celastrus orbiculatus,Asian bittersweet,I,,SN
Celastrus scandens,climbing bittersweet,N,,
Celtis occidentalis,hackberry,N,,
Cenchrus longispinus,sandbur,N,,
Cenchrus spinifex,coastal sandbur,N,,
Centaurea cyanus,cornflower,I,,
Centaurea jacea,brown knapweed,I,,
Centaurea stoebe subsp. micranthos,spotted knapweed,I,,SN
Cephalanthus occidentalis,buttonbush,N,,
Cerastium arvense,field chickweed,N,,
Cerastium arvense subsp. arvense,field chickweed,I,,
Cerastium arvense subsp. strictum,field chickweed,N,,
Cerastium brachypodum,short-stalked chickweed,N,,
Cerastium fontanum subsp. vulgare,mouse-ear chickweed,I,,
Cerastium nutans var. nutans,nodding chickweed,N,,
Ceratophyllum demersum,common coontail,N,,
Ceratophyllum echinatum,spiny coontail,N,W,
Chaenorrhinum minus,dwarf snapdragon,I,,
Chamaecrista fasciculata,partridge pea,N,,
Chamaedaphne calyculata,leatherleaf,N,,
Chamaerhodos erecta,Nuttall's groundrose,N,,
Chamaesyce missurica,Missouri spurge,N,SC,
Cheilanthes feei,slender lip fern,N,,
Chelidonium majus,celandine,I,,
Chelone glabra,white turtlehead,N,,
Chelone obliqua,purple turtlehead,N,,
Chenopodium album,white lamb's quarters,I,,
Chenopodium berlandieri,pitseed goosefoot,N,,
Chenopodium berlandieri var. bushianum,pitseed goosefoot,N,,
Chenopodium berlandieri var. zschackei,pitseed goosefoot,N,,
Chenopodium capitatum var. capitatum,strawberry blite,N,,
Chenopodium desiccatum,narrow-leaved lamb's quarters,N,,
Chenopodium glaucum,oak-leaved goosefoot,N,,
Chenopodium glaucum var. glaucum ,oak-leaved goosefoot,N,,
Chenopodium glaucum var. salinum ,oak-leaved goosefoot,N,,
Chenopodium pratericola,desert goosefoot,N,,
Chenopodium rubrum,alkali blite,N,,
Chenopodium rubrum var. humile ,alkali blite,N,,
Chenopodium rubrum var. rubrum ,alkali blite,N,,
Chenopodium simplex,maple-leaved goosefoot,N,,
Chenopodium standleyanum,woodland goosefoot,N,,
Chimaphila umbellata subsp. umbellata,pipsissewa,N,,
Chrysosplenium americanum,American golden saxifrage,N,,
Chrysosplenium iowense,Iowa golden saxifrage,N,E,
Cichorium intybus,chicory,I,,
Cicuta bulbifera,bulb-bearing water hemlock,N,,
Cicuta maculata var. maculata,spotted water hemlock,N,,
Cinna arundinacea,stout woodreed,N,,
Cinna latifolia,drooping woodreed,N,,
Circaea alpina var. alpina,alpine enchanter's nightshade,N,,
Circaea ×intermedia,hybrid enchanter's nightshade,N,,
Circaea lutetiana var. canadensis,common enchanter's nightshade,N,,
Cirsium altissimum,tall thistle,N,,
Cirsium arvense,Canada thistle,I,,"SN,PS"
Cirsium discolor,field thistle,N,,
Cirsium flodmanii,Flodman's thistle,N,,
Cirsium muticum,swamp thistle,N,,
Cirsium pumilum var. hillii,Hill's thistle,N,SC,
Cirsium vulgare,bull thistle,I,,PS
Cladium mariscoides,twig rush,N,SC,
Claytonia caroliniana,Carolina spring beauty,N,,
Claytonia virginica,Virginia spring beauty,N,,
Clematis occidentalis var. occidentalis,clematis,N,,
Clematis virginiana,virgin's bower,N,,
Clintonia borealis,bluebead lily,N,,
Coeloglossum viride,long-bracted orchid,N,,
Collomia linearis,linear-leaved collomia,N,,
Comandra umbellata,bastard toadflax,N,,
Comandra umbellata var. pallida ,bastard toadflax,N,,
Comandra umbellata var. umbellata ,bastard toadflax,N,,
Commelina erecta,slender dayflower,N,E,
Comptonia peregrina,sweet fern,N,,
Conium maculatum,poison hemlock,I,,
Conringia orientalis,hare's ear mustard,I,,
Convolvulus arvensis,field bindweed,I,,PS
Conyza canadensis,horseweed,N,,
Conyza ramosissima,spreading fleabane,N,,
Coptis trifolia,goldthread,N,,
Corallorhiza maculata,spotted coralroot,N,,
Corallorhiza maculata var. maculata,spotted coralroot,N,,
Corallorhiza maculata var. occidentalis,spotted coralroot,N,,
Corallorhiza odontorhiza var. odontorhiza,autumn coralroot,N,,
Corallorhiza striata var. striata,striped coralroot,N,,
Corallorhiza trifida,early coralroot,N,,
Coreopsis lanceolata,lance-leaved coreopsis,I,,
Coreopsis palmata,bird's foot coreopsis,N,,
Coreopsis tinctoria,plains coreopsis,I,,
Corispermum americanum var. americanum,American bugseed,N,,
Corispermum pallasii,hyssop-leaved bugseed,I,,
Corispermum villosum,eastern bugseed,N,W,
Cornus alternifolia,pagoda dogwood,N,,
Cornus amomum var. schuetzeana,silky dogwood,N,,
Cornus canadensis,bunchberry,N,,
Cornus racemosa,gray dogwood,N,,
Cornus rugosa,round-leaved dogwood,N,,
Cornus sericea,red-osier dogwood,N,,
Coronilla varia,crownvetch,I,,
Corydalis aurea var. aurea,golden corydalis,N,,
Corydalis micrantha var. micrantha,slender fumewort,N,,
Corydalis sempervirens,pale corydalis,N,,
Corylus americana,American hazelnut,N,,
Corylus cornuta subsp. cornuta,beaked hazelnut,N,,
Cota tinctoria,golden marguerite,I,,
Crassula aquatica,water pygmyweed,N,T,
Crataegus calpodendron,late hawthorn,N,SC,
Crataegus chrysocarpa,fireberry hawthorn,N,,
Crataegus coccinea,scarlet hawthorn,N,H,
Crataegus douglasii,black hawthorn,N,SC,
Crataegus flabellata,fanleaf hawthorn,N,,
Crataegus macracantha,large-thorned hawthorn,N,,
Crataegus macrosperma,bigfruit hawthorn,N,,
Crataegus mollis,downy hawthorn,N,,
Crataegus punctata,dotted hawthorn,N,,
Crataegus scabrida,rough-leaved hawthorn,N,H,
Crataegus sheridana,Sheridan's hawthorn,N,,
Crataegus submollis,Quebec hawthorn,N,,
Crataegus succulenta,fleshy hawthorn,N,,
Crepis runcinata subsp. runcinata,incised hawk's beard,N,,
Crepis tectorum,yellow hawk's beard,I,,
Crotalaria sagittalis,rattlebox,N,SC,
Croton glandulosus,northern croton,I,,
Cryptogramma stelleri,slender cliff brake,N,,
Cryptotaenia canadensis,honewort,N,,
Cuscuta cephalanthi,buttonbush dodder,N,,
Cuscuta coryli,hazel dodder,N,,
Cuscuta glomerata,aster dodder,N,,
Cuscuta gronovii var. gronovii,swamp dodder,N,,
Cuscuta indecora,collared dodder,N,,
Cuscuta megalocarpa,large-fruit dodder,N,H,
Cuscuta obtusiflora var. glandulosa,southern dodder,N,H,
Cuscuta pentagona,bur clover dodder,N,,
Cuscuta polygonorum,smartweed dodder,N,H,
Cyclachaena xanthifolia,marsh elder,N,,
Cycloloma atriplicifolium,winged pigweed,N,,
Cymopterus glomeratus,plains spring parsley,N,SC,
Cynoglossum officinale,hound's tongue,I,,
Cynoglossum virginianum var. boreale,wild comfrey,N,,
Cyperus acuminatus,short-pointed umbrella sedge,N,T,
Cyperus bipartitus,brook nut sedge,N,,
Cyperus diandrus,sedge galingale,N,,
Cyperus erythrorhizos,red-rooted cyperus,N,,
Cyperus esculentus var. leptostachyus,cocoa cyperus,I,,
Cyperus fuscus,brown flatsedge,I,,
Cyperus houghtonii,Houghton's cyperus,N,W,
Cyperus lupulinus,slender nut sedge,N,,
Cyperus lupulinus subsp. lupulinus,slender nut sedge,N,,
Cyperus lupulinus subsp. macilentus,slender nut sedge,N,,
Cyperus ×mesochorus,Midland sand sedge,N,,
Cyperus odoratus,fragrant cyperus,N,,
Cyperus schweinitzii,Schweinitz's nut sedge,N,,
Cyperus squarrosus,awned umbrella sedge,N,,
Cyperus strigosus,straw-colored umbrella sedge,N,,
Cypripedium acaule,stemless lady's slipper,N,,
Cypripedium ×andrewsii,Andrew's lady's slipper,N,,
Cypripedium arietinum,ram's head orchid,N,T,
Cypripedium candidum,small white lady's slipper,N,SC,
Cypripedium parviflorum,yellow lady's slipper,N,,
Cypripedium parviflorum var. makasin,yellow lady's slipper,N,,
Cypripedium parviflorum var. pubescens,yellow lady's slipper,N,,
Cypripedium reginae,showy lady's slipper,N,,
Cystopteris bulbifera,bulblet fern,N,,
Cystopteris fragilis,fragile fern,N,,
Cystopteris laurentiana,hybrid bladder fern,N,W,
Cystopteris protrusa,protruding fragile fern,N,,
Cystopteris tennesseensis,Tennessee bladder fern,N,W,
Cystopteris tenuis,Macay's brittle fern,N,,
Dactylis glomerata,orchard grass,I,,
Dalea candida,white prairie clover,N,,
Dalea candida var. candida,white prairie clover,N,,
Dalea candida var. oligophylla,western white prairie clover,N,SC,
Dalea leporina,foxtail dalea,N,,
Dalea purpurea var. purpurea,purple prairie clover,N,,
Dalea villosa var. villosa,silky prairie clover,N,,
Danthonia spicata,poverty grass,N,,
Dasiphora fruticosa,shrubby cinquefoil,N,,
Datura stramonium,jimsonweed,I,,
Datura wrightii,angel's trumpet,I,,
Daucus carota,Queen Anne's lace,I,,
Decodon verticillatus var. laevigatus,waterwillow,N,SC,
Delphinium carolinianum subsp. virescens,Carolina delphinium,N,,
Deparia acrostichoides,silvery spleenwort,N,SC,
Deschampsia cespitosa subsp. cespitosa,tufted hair grass,N,,
Deschampsia flexuosa,slender hair grass,N,T,
Descurainia incana,Richardson's tansy mustard,N,H,
Descurainia pinnata subsp. brachycarpa,pinnate tansy mustard,N,,
Descurainia sophia,herb sophia,I,,
Desmanthus illinoensis,prairie mimosa,N,SC,
Desmodium canadense,Canada tick trefoil,N,,
Desmodium cuspidatum var. longifolium,big tick trefoil,N,T,
Desmodium glutinosum,pointed-leaved tick trefoil,N,,
Desmodium illinoense,Illinois tick trefoil,N,,
Desmodium nudiflorum,stemless tick trefoil,N,T,
Dianthus armeria subsp. armeria,Deptford pink,I,,
Diarrhena obovata,obovate beakgrain,N,E,
Dicentra canadensis,squirrel corn,N,SC,
Dicentra cucullaria,dutchman's breeches,N,,
Dichanthelium aciculare subsp. angustifolium,narrow-leaved panic grass,N,,
Dichanthelium acuminatum,hairy panic grass,N,,
Dichanthelium acuminatum subsp. fasciculatum ,hairy panic grass,N,,
Dichanthelium acuminatum subsp. implicatum ,hairy panic grass,N,,
Dichanthelium acuminatum subsp. lindheimeri ,hairy panic grass,N,,
Dichanthelium boreale,northern panic grass,N,,
Dichanthelium depauperatum,poor panic grass,N,,
Dichanthelium latifolium,broad-leaved panic grass,N,,
Dichanthelium leibergii,Leiberg's panic grass,N,,
Dichanthelium linearifolium,linear-leaved panic grass,N,,
Dichanthelium oligosanthes,Scribner's panic grass,N,,
Dichanthelium oligosanthes subsp. oligosanthes ,Scribner's panic grass,N,,
Dichanthelium oligosanthes subsp. scribnerianum ,Scribner's panic grass,N,,
Dichanthelium ovale,long-haired panic grass,N,,
Dichanthelium ovale subsp. praecocius,long-haired panic grass,N,,
Dichanthelium ovale subsp. pseudopubescens,white-haired panic grass,N,,
Dichanthelium ovale subsp. villosissimum,long-haired panic grass,N,,
Dichanthelium perlongum,long-stalked panic grass,N,,
Dichanthelium wilcoxianum,Wilcox's panic grass,N,,
Dichanthelium xanthophysum,yellow panic grass,N,,
Didiplis diandra,water purslane,N,H,
Diervilla lonicera,bush honeysuckle,N,,
Digitalis grandiflora,yellow foxglove,I,,
Digitalis lanata,Grecian floxglove,I,,SN
Digitaria cognata,fall witch grass,N,,
Digitaria ischaemum,smooth crabgrass,I,,
Digitaria sanguinalis,hairy crabgrass,I,,
Dioscorea villosa,wild yam,N,,
Diphasiastrum complanatum,northern groundcedar,N,,
Diphasiastrum complanatum × digitatum,running-pine,N,,
Diphasiastrum digitatum,southern groundcedar,N,,
Diphasiastrum ×habereri,Haberer's groundcedar,N,,
Diphasiastrum tristachyum,wirey groundcedar,N,,
Diphasiastrum ×zeilleri,Zeiller's groundcedar,N,,
Diplazium pycnocarpon,narrow-leaved spleenwort,N,T,
Dipsacus laciniatus,teasel,I,,
Dirca palustris,leatherwood,N,,
Distichlis spicata,salt grass,N,,
Dodecatheon amethystinum,jeweled shooting star,N,W,
Dodecatheon meadia,prairie shooting star,N,E,
Doellingeria umbellata,flat-topped aster,N,,
Doellingeria umbellata var. pubens ,flat-topped aster,N,,
Doellingeria umbellata var. umbellata ,flat-topped aster,N,,
Draba arabisans,Arabian whitlow grass,N,SC,
Draba cana,hoary whitlow grass,N,E,
Draba nemorosa,yellow whitlow grass,N,,
Draba norvegica,Norwegian whitlow grass,N,E,
Draba reptans,Carolina whitlow grass,N,,
Dracocephalum parviflorum,dragonhead,N,,
Drosera anglica,English sundew,N,SC,
Drosera intermedia,spatulate-leaved sundew,N,,
Drosera linearis,linear-leaved sundew,N,SC,
Drosera ×obovata,obovate-leaved sundew,N,,
Drosera rotundifolia,round-leaved sundew,N,,
Dryopteris ×boottii,Boott's shield fern,N,,
Dryopteris carthusiana,spinulose shield fern,N,,
Dryopteris cristata,crested fern,N,,
Dryopteris expansa,spreading wood fern,N,,
Dryopteris fragrans,fragrant fern,N,,
Dryopteris goldiana,Goldie's fern,N,SC,
Dryopteris intermedia,glandular wood fern,N,,
Dryopteris marginalis,marginal shield fern,N,E,
Dryopteris ×triploidea,triploid shield fern,N,,
Dryopteris ×uliginosa,swamp shield fern,N,,
Dulichium arundinaceum var. arundinaceum,three-way sedge,N,,
Dysphania botrys,Jerusalem oak,I,,
Dyssodia papposa,fetid marigold,I,H,
Echinacea angustifolia,narrow-leaved purple coneflower,N,,
Echinochloa crus-galli,cockspur barnyard grass,I,,
Echinochloa muricata,rough barnyard grass,N,,
Echinochloa muricata var. microstachya ,rough barnyard grass,N,,
Echinochloa muricata var. muricata ,rough barnyard grass,N,,
Echinochloa walteri,Walter's barnyard grass,N,,
Echinocystis lobata,wild cucumber,N,,
Echium vulgare,blue weed,I,,
Eclipta prostrata,yerba de tajo,I,,
Elaeagnus angustifolia,Russian olive,I,,
Elaeagnus commutata,silverberry,N,,
Elatine minima,small waterwort,N,,
Elatine triandra,three-stamened waterwort,N,SC,
Eleocharis acicularis,least spikerush,N,,
Eleocharis coloradoensis,dwarf spikerush,N,SC,
Eleocharis compressa,flattened spikerush,N,,
Eleocharis compressa var. acutisquamata ,flattened spikerush,N,,
Eleocharis compressa var. compressa ,flattened spikerush,N,,
Eleocharis elliptica,elliptic spikerush,N,,
Eleocharis engelmannii,Engelmann's spikerush,N,W,
Eleocharis erythropoda,bald spikerush,N,,
Eleocharis flavescens var. olivacea,olivaceous spikerush,N,T,
Eleocharis intermedia,intermediate spikerush,N,,
Eleocharis macrostachya,large-spike spikerush,N,,
Eleocharis nitida,neat spikerush,N,SC,
Eleocharis obtusa,blunt spikerush,N,,
Eleocharis ovata,ovoid spikerush,N,,
Eleocharis palustris,marsh spikerush,N,,
Eleocharis quinqueflora,few-flowered spikerush,N,SC,
Eleocharis robbinsii,Robbins' spikerush,N,T,
Eleocharis rostellata,beaked spikerush,N,T,
Eleocharis wolfii,Wolf's spikerush,N,E,
Ellisia nyctelea,ellisia,N,,
Elodea bifoliata,two leaf waterweed,N,E,
Elodea canadensis,Canadian elodea,N,,
Elodea nuttallii,Nuttall's elodea,N,,
×Elyhordeum macounii,Macoun's barley,N,,
Elymus canadensis var. canadensis,nodding wild rye,N,,
Elymus curvatus,awnless wild rye,N,,
Elymus diversiglumis,interrupted wild rye,N,,
Elymus hystrix,bottlebrush grass,N,,
Elymus repens,quackgrass,I,,RS
Elymus trachycaulus,,N,,
Elymus trachycaulus subsp. subsecundus,unilateral wheatgrass,N,,
Elymus trachycaulus subsp. trachycaulus,slender wheatgrass,N,,
Elymus villosus,downy wild rye,N,,
Elymus virginicus var. virginicus,Virginia wild rye,N,,
Elymus wiegandii,Weigand's wild rye,N,,
Empetrum atropurpureum,purple crowberry,N,E,
Empetrum nigrum,black crowberry,N,E,
Enemion biternatum,false rue anemone,N,,
Epigaea repens,trailing arbutus,N,,
Epilobium angustifolium,fireweed,N,,
Epilobium angustifolium var. angustifolium ,fireweed,N,,
Epilobium angustifolium var. canescens ,fireweed,N,,
Epilobium ciliatum var. ciliatum,American willow herb,N,,
Epilobium coloratum,purple-leaved willow herb,N,,
Epilobium glandulosum,northern willow herb,N,,
Epilobium leptophyllum,linear-leaved willow herb,N,,
Epilobium palustre,marsh willow herb,N,,
Epilobium strictum,downy willow herb,N,,
Epilobium ×wisconsinense,Wisconsin willow herb,N,,
Epipactis helleborine,helleborine,I,,
Equisetum arvense,field horsetail,N,,
Equisetum ×ferrissii,Ferriss' scouring rush,N,,
Equisetum fluviatile,water horsetail,N,,
Equisetum hyemale subsp. affine,tall scouring rush,N,,
Equisetum laevigatum,smooth scouring rush,N,,
Equisetum ×litorale,shallow-water horsetail,N,,
Equisetum ×mackaii,Mack's horsetail,N,,
Equisetum ×nelsonii,Nelson's scouring rush,N,,
Equisetum palustre,marsh horsetail,N,,
Equisetum pratense,meadow horsetail,N,,
Equisetum scirpoides,dwarf scouring rush,N,,
Equisetum sylvaticum,woodland horsetail,N,,
Equisetum variegatum subsp. variegatum,variegated scouring rush,N,,
Eragrostis cilianensis,stink grass,I,,
Eragrostis frankii,Frank's lovegrass,N,,
Eragrostis hypnoides,creeping lovegrass,N,,
Eragrostis minor,little lovegrass,I,,
Eragrostis pectinacea var. pectinacea,tufted lovegrass,N,,
Eragrostis spectabilis,purple lovegrass,N,,
Eragrostis trichodes,sand lovegrass,I,,
Erechtites hieraciifolius var. hieraciifolius,pilewort,N,,
Erigeron acris var. kamtschaticus,bitter fleabane,N,E,
Erigeron annuus,annual fleabane,N,,
Erigeron glabellus var. pubescens,smooth fleabane,N,,
Erigeron lonchophyllus,short ray fleabane,N,T,
Erigeron philadelphicus var. philadelphicus,Philadelphia fleabane,N,,
Erigeron pulchellus,poor robin's fleabane,N,,
Erigeron pulchellus var. pulchellus,poor robin's fleabane,N,,
Erigeron pulchellus var. tolsteadii,poor robin's fleabane,N,W,
Erigeron strigosus,daisy fleabane,N,,
Erigeron strigosus var. septentrionalis ,daisy fleabane,N,,
Erigeron strigosus var. strigosus ,daisy fleabane,N,,
Eriocaulon aquaticum,pipewort,N,,
Eriochloa villosa,hairy cupgrass,I,,
Eriophorum angustifolium subsp. angustifolium,tall cottongrass,N,,
Eriophorum chamissonis,Chamisso's cottongrass,N,,
Eriophorum gracile,slender cottongrass,N,,
Eriophorum tenellum,delicate cottongrass,N,,
Eriophorum vaginatum,tussock cottongrass,N,,
Eriophorum virginicum,tawny cottongrass,N,,
Eriophorum viridicarinatum,green-keeled cottongrass,N,,
Erodium cicutarium,storksbill,I,,
Erucastrum gallicum,dog mustard,I,,
Eryngium yuccifolium,rattlesnake master,N,SC,
Erysimum asperum,western wallflower,N,,
Erysimum cheiranthoides,wormseed mustard,I,,
Erysimum inconspicuum,small-flowered wallflower,N,,
Erythronium albidum,white trout lily,N,,
Erythronium albidum × propullans,trout lily,N,,
Erythronium americanum subsp. americanum,yellow trout lily,N,,
Erythronium propullans,dwarf trout lily,N,E,
Escobaria vivipara,ball cactus,N,E,
Euonymus atropurpureus,wahoo,N,,
Eupatorium altissimum,tall boneset,N,,
Eupatorium perfoliatum,common boneset,N,,
Eupatorium sessilifolium,upland boneset,N,T,
Euphorbia corollata var. corollata,flowering spurge,N,,
Euphorbia cyathophora,painted leaf,I,,
Euphorbia cyparissias,cypress spurge,I,,
Euphorbia dentata,toothed spurge,N,,
Euphorbia esula,leafy spurge,I,,"SN,PS"
Euphorbia geyeri,Geyer's spurge,N,,
Euphorbia glyptosperma,ridge-seeded spurge,N,,
Euphorbia helioscopia,sun spurge,I,,
Euphorbia hexagona,six-angled spurge,N,H,
Euphorbia maculata,prostrate hairy spurge,N,,
Euphorbia marginata,snow-on-the-mountain,N,,
Euphorbia nutans,nodding spurge,N,,
Euphorbia serpyllifolia,thyme-leaved spurge,N,,
Euphorbia spathulata,prairie spurge,N,,
Euphrasia hudsoniana var. ramosior,Hudson Bay eyebright,N,SC,
Euphrasia officinalis,tartary eyebright,I,W,
Eurybia macrophylla,large-leaved aster,N,,
Euthamia graminifolia,grass-leaved goldenrod,N,,
Euthamia gymnospermoides,great plains goldenrod,N,,
Eutrochium maculatum,spotted Joe pye weed,N,,
Eutrochium maculatum var. bruneri ,spotted Joe pye weed,N,,
Eutrochium maculatum var. foliosum ,spotted Joe pye weed,N,H,
Eutrochium maculatum var. maculatum ,spotted Joe pye weed,N,,
Eutrochium purpureum,sweet-scented Joe pye weed,N,,
Eutrochium purpureum var. holzingeri ,sweet-scented Joe pye weed,N,,
Eutrochium purpureum var. purpureum,sweet-scented Joe pye weed,N,,
Fagopyrum esculentum,buckwheat,I,,
Fallopia ×bohemica,bohemian knotweed,I,,
Fallopia cilinodis,fringed black-bindweed,N,,
Fallopia convolvulus,black-bindweed,I,,
Fallopia japonica var. japonica,Japanese knotweed,I,,
Fallopia scandens,false buckwheat,N,,
Festuca rubra,red fescue,I,,
Festuca rubra subsp. fallax ,chewing fescue,I,,
Festuca rubra subsp. rubra ,red fescue,I,,
Festuca saximontana var. saximontana,mountain fescue,N,,
Festuca subverticillata,nodding fescue,N,,
Festuca trachyphylla,long-leaved fescue,I,,
Fimbristylis autumnalis,autumn fimbry,N,SC,
Fimbristylis puberula var. interior,hairy fimbry,N,E,
Floerkea proserpinacoides,false mermaid,N,T,
Fragaria vesca var. americana,wood strawberry,N,,
Fragaria virginiana,common strawberry,N,,
Frangula alnus,glossy buckthorn,I,,RN
Fraxinus americana,white ash,N,,
Fraxinus nigra,black ash,N,,
Fraxinus pennsylvanica,green ash,N,,
Froelichia floridana,prairie cottonweed,N,,
Gaillardia aristata,blanket-flower,N,SC,
Gaillardia pulchella,rose-ring gaillardia,I,,
Galearis spectabilis,showy orchis,N,,
Galeopsis tetrahit,hemp nettle,I,,
Galeopsis tetrahit var. bifida ,hemp nettle,I,,
Galeopsis tetrahit var. tetrahit ,hemp nettle,I,,
Galinsoga parviflora var. parviflora,small-flowered galinsoga,I,,
Galinsoga quadriradiata,hairy galinsoga,I,,
Galium aparine,cleavers,N,,
Galium asprellum,rough bedstraw,N,,
Galium boreale,northern bedstraw,N,,
Galium circaezans var. hypomalacum,licorice bedstraw,N,W,
Galium concinnum,shining bedstraw,N,,
Galium labradoricum,labrador bedstraw,N,,
Galium mollugo,false baby's breath,I,,
Galium obtusum var. obtusum,obtuse bedstraw,N,,
Galium tinctorium var. tinctorium,small bedstraw,N,,
Galium trifidum var. trifidum,three-cleft bedstraw,N,,
Galium triflorum var. triflorum,sweet-scented bedstraw,N,,
Galium verum,yellow bedstraw,I,,
Gaultheria hispidula,creeping snowberry,N,,
Gaultheria procumbens,wintergreen,N,,
Gaura biennis var. biennis,biennial gaura,N,W,
Gaura coccinea,scarlet gaura,N,,
Gaylussacia baccata,black huckleberry,N,T,
Gentiana affinis,northern gentian,N,SC,
Gentiana andrewsii,bottle gentian,N,,
Gentiana andrewsii var. andrewsii ,bottle gentian,N,,
Gentiana andrewsii var. dakotica ,bottle gentian,N,,
Gentiana ×billingtonii,Billington's gentian,N,,
Gentiana flavida,yellowish gentian,N,,
Gentiana puberulenta,downy gentian,N,,
Gentiana rubricaulis,great lakes gentian,N,,
Gentianella amarella,felwort,N,SC,
Gentianella quinquefolia var. occidentalis,stiff gentian,N,,
Gentianopsis crinita,greater fringed gentian,N,,
Gentianopsis procera,lesser fringed gentian,N,,
Geocaulon lividum,northern comandra,N,,
Geranium bicknellii,Bicknell's cranesbill,N,,
Geranium carolinianum,Carolina cranesbill,N,,
Geranium maculatum,wild geranium,N,,
Geranium sibiricum,Siberian cranesbill,I,,
Geum aleppicum var. strictum,yellow avens,N,,
Geum canadense,white avens,N,,
Geum laciniatum,rough avens,N,W,
Geum macrophyllum var. perincisum,big-leaved avens,N,,
Geum rivale,purple avens,N,,
Geum triflorum,prairie smoke,N,,
Glechoma hederacea,creeping charlie,I,,
Gleditsia triacanthos,honey locust,N,W,
Glyceria borealis,northern manna grass,N,,
Glyceria canadensis var. canadensis,rattlesnake grass,N,,
Glyceria grandis var. grandis,tall manna grass,N,,
Glyceria striata,fowl manna grass,N,,
Glycyrrhiza lepidota,wild licorice,N,,
Gnaphalium uliginosum,low cudweed,I,,
Goodyera pubescens,downy rattlesnake plantain,N,,
Goodyera repens,lesser rattlesnake plantain,N,,
Goodyera tesselata,tesselated rattlesnake plantain,N,,
Gratiola neglecta,disk hyssop,N,,
Grindelia hirsutula,hairy gumweed,N,,
Grindelia squarrosa,curly cup gumweed,N,,
Gymnocarpium ×brittonianum,Britton's oak fern,N,,
Gymnocarpium dryopteris,common oak fern,N,,
Gymnocarpium ×intermedium,intermediate oak fern,N,,
Gymnocarpium jessoense subsp. parvulum,nahanni oak fern,N,,
Gymnocarpium robertianum,northern oak fern,N,SC,
Gymnocladus dioica,Kentucky coffee tree,N,SC,
Gypsophila muralis,low baby’s-breath,I,,
Gypsophila paniculata,common baby’s-breath,I,,
Hackelia deflexa var. americana,nodding stickseed,N,,
Hackelia virginiana,Virginia stickseed,N,,
Halenia deflexa var. deflexa,American spurred gentian,N,,
Hamamelis virginiana,witch-hazel,N,T,
Hasteola suaveolens,sweet smelling Indian plantain,N,E,
Hedeoma hispida,mock pennyroyal,N,,
Hedeoma pulegioides,American pennyroyal,U,H,
Hedyotis longifolia,bluets,N,,
Helenium autumnale,autumn sneezeweed,N,,
Helianthemum bicknellii,hoary frostweed,N,,
Helianthemum canadense,Canada frostweed,N,SC,
Helianthus annuus,common sunflower,N,,
Helianthus giganteus,giant sunflower,N,,
Helianthus grosseserratus,sawtooth sunflower,N,,
Helianthus hirsutus,hairy sunflower,N,,
Helianthus ×laetiflorus,bright sunflower,N,,
Helianthus maximiliani,Maximilian's sunflower,N,,
Helianthus nuttallii subsp. rydbergii,Nuttall's sunflower,N,SC,
Helianthus occidentalis subsp. occidentalis,western sunflower,N,,
Helianthus pauciflorus,stiff sunflower,N,,
Helianthus pauciflorus subsp. pauciflorus,stiff sunflower,N,,
Helianthus pauciflorus subsp. subrhomboideus,stiff sunflower,N,,
Helianthus petiolaris subsp. petiolaris,prairie sunflower,N,,
Helianthus strumosus,woodland sunflower,N,,
Helianthus tuberosus,Jerusalem artichoke,N,,
Heliopsis helianthoides var. scabra,ox-eye,N,,
Heracleum lanatum,cow parsnip,N,,
Hesperis matronalis,dame's rocket,I,,
Hesperostipa comata subsp. comata,needle-and-thread grass,N,,
Hesperostipa spartea,porcupine grass,N,,
Heteranthera dubia,water stargrass,N,,
Heteranthera limosa,mud plantain,N,T,
Heterotheca stenophylla var. angustifolia,stiff-leaf golden aster,N,,
Heterotheca villosa,hairy golden aster,N,,
Heterotheca villosa var. ballardii ,hairy golden aster,N,,
Heterotheca villosa var. foliosa ,hairy golden aster,N,,
Heterotheca villosa var. minor ,hairy golden aster,N,,
Heterotheca villosa var. villosa ,hairy golden aster,N,,
Heuchera richardsonii,alumroot,N,,
Hibiscus laevis,rose mallow,N,,
Hibiscus trionum,flower-of-an-hour,I,,
Hieracium aurantiacum,orange hawkweed,I,,
Hieracium caespitosum,meadow hawkweed,I,,
Hieracium ×floribundum,smooth king-devil,N,,
Hieracium longipilum,long-bearded hawkweed,N,W,
Hieracium pilosella,mouse-ear hawkweed,I,,
Hieracium piloselloides,king devil hawkweed,I,,
Hieracium scabrum,sticky hawkweed,N,,
Hieracium umbellatum,rough hawkweed,N,,
Hieracium vulgatum,common hawkweed,I,,
Hippuris vulgaris,mare's tail,N,,
Hordeum jubatum subsp. jubatum,foxtail barley,N,,
Hordeum pusillum,little barley,N,,
Hordeum vulgare subsp. vulgare,Nepal barley,I,,
Hudsonia tomentosa,beach heather,N,T,
Humulus japonicus,Japanese hops,I,,
Humulus lupulus,common hops,N,,
Humulus lupulus var. lupuloides,common hops,N,,
Humulus lupulus var. pubescens,common hops,N,,
Huperzia appalachiana,Appalachian fir moss,N,SC,
Huperzia appalachiana × selago,fir moss,N,,
Huperzia appalachiana X lucidula,fir moss,N,,
Huperzia ×bartleyi,Bartley's clubmoss,N,,
Huperzia ×buttersii,Butters' fir moss,N,,
Huperzia lucidula,shining fir moss,N,,
Huperzia porophila,rock fir moss,N,T,
Huperzia selago,northern fir moss,N,,
Hybanthus concolor,eastern green-violet,N,E,
Hydrastis canadensis,goldenseal,N,E,
Hydrocotyle americana,American water-pennywort,N,SC,
Hydrocotyle ranunculoides,floating marsh-pennywort,N,,
Hydrophyllum appendiculatum,appendaged waterleaf,N,,
Hydrophyllum virginianum var. virginianum,Virginia waterleaf,N,,
Hylotelephium telephium,orpine,I,,
Hypericum boreale,northern St. John's-wort,N,,
Hypericum ellipticum,pale St. John's-wort,N,,
Hypericum kalmianum,Kalm's St. John's-wort,U,,
Hypericum majus,large St. John's-wort,N,,
Hypericum perforatum,common St. John's-wort,I,,
Hypericum punctatum,spotted St. John's-wort,N,,
Hypericum pyramidatum,great St. John's-wort,N,,
Hypoxis hirsuta,yellow star-grass,N,,
Ilex verticillata var. verticillata,winterberry,N,,
Impatiens capensis,spotted touch-me-not,N,,
Impatiens pallida,pale touch-me-not,N,,
Inula helenium,elecampane,I,,
Iodanthus pinnatifidus,purple rocket,N,E,
Iris pseudacorus,yellow flag,I,,
Iris versicolor,northern blue flag,N,,
Iris virginica,southern blue flag,N,,
Isanthus brachiatus,false pennyroyal,N,,
Isoetes echinospora,Braun's quillwort,N,,
Isoetes lacustris,lake quillwort,N,,
Isoetes melanopoda,prairie quillwort,N,E,
Jeffersonia diphylla,twinleaf,N,SC,
Juglans cinerea,butternut,N,E,
Juglans nigra,black walnut,N,,
Juncus alpinoarticulatus,alpine rush,N,,
Juncus arcticus var. balticus,baltic rush,U,,
Juncus articulatus,jointed rush,N,E,
Juncus brachycarpus,short-fruited rush,U,,
Juncus brevicaudatus,narrow-panicled rush,N,,
Juncus bufonius,toad rush,N,,
Juncus canadensis,Canada rush,N,,
Juncus compressus,compressed rush,I,,
Juncus dudleyi,Dudley's rush,N,,
Juncus effusus,soft rush,N,,
Juncus filiformis,thread-like rush,N,,
Juncus gerardii,black-grass rush,U,H,
Juncus ×gracilescens,grass-like rush,N,,
Juncus greenei,Greene's rush,N,,
Juncus interior,inland rush,N,,
Juncus longistylis,long-styled rush,N,,
Juncus marginatus,marginated rush,N,E,
Juncus nodosus,knotty rush,N,,
Juncus pelocarpus,brown-fruited rush,N,,
Juncus stygius var. americanus,bog rush,N,SC,
Juncus subtilis,slender rush,N,E,
Juncus tenuis,path rush,N,,
Juncus torreyi,Torrey's rush,N,,
Juncus vaseyi,Vasey's rush,N,,
Juniperus communis var. depressa,bush juniper,N,,
Juniperus horizontalis,creeping juniper,N,SC,
Juniperus virginiana var. virginiana,eastern red cedar,N,,
Kalmia polifolia,bog laurel,N,,
Knautia arvensis,bluebuttons,I,,
Kochia scoparia subsp. scoparia,summer cypress,I,,
Koeleria macrantha,junegrass,N,,
Krigia biflora,two-flowered cynthia,N,,
Lactuca biennis,biennial blue lettuce,N,,
Lactuca canadensis,Canada wild lettuce,N,,
Lactuca floridana,Florida wild lettuce,N,H,
Lactuca ludoviciana,Louisiana lettuce,N,,
Lactuca serriola,prickly lettuce,I,,
Lamium amplexicaule,henbit,I,,
Laportea canadensis,woodnettle,N,,
Lappula redowskii,western stickseed,I,,
Lappula squarrosa,two-row stickseed,I,,
Lapsana communis,nipplewort,I,,
Larix laricina,tamarack,N,,
Lathyrus latifolius,everlasting pea,I,,
Lathyrus maritimus var. glaber,beach pea,N,,
Lathyrus ochroleucus,pale vetchling,N,,
Lathyrus palustris,marsh vetchling,N,,
Lathyrus tuberosus,tuberous vetchling,I,,
Lathyrus venosus var. intonsus,veiny pea,N,,
Lechea intermedia,intermediate pinweed,N,,
Lechea stricta,prairie pinweed,N,,
Lechea tenuifolia var. tenuifolia,narrow-leaved pinweed,N,E,
Leersia lenticularis,catchfly grass,N,T,
Leersia oryzoides,rice cut grass,N,,
Leersia virginica,white grass,N,,
Lemna minor,lesser duckweed,N,,
Lemna obscura,little duckweed,N,W,
Lemna perpusilla,minute duckweed,N,W,
Lemna trisulca,star duckweed,N,,
Lemna turionifera,turion duckweed,N,,
Leonurus cardiaca,common motherwort,I,,
Leonurus sibiricus,motherwort,I,,
Lepidium campestre,field peppergrass,I,,
Lepidium densiflorum,green-flowered peppergrass,N,,
Lepidium draba,hoary cress,I,,PS
Lepidium virginicum subsp. virginicum,Virginia peppergrass,N,,
Leptochloa fusca subsp. fascicularis,bearded sprangletop,N,,
Lespedeza capitata,round-headed bush clover,N,,
Lespedeza leptostachya,prairie bush clover,N,T,
Leucanthemella serotina,giant daisy,I,,
Leucanthemum vulgare,ox-eye daisy,I,,
Leucophysalis grandiflora,dwarf ground cherry,N,,
Leucospora multifida,narrowleaf paleseed,N,,
Leymus cinereus,basin wild rye,N,,
Liatris aspera,rough blazing star,N,,
Liatris cylindracea,cylindric blazing star,N,,
Liatris ligulistylis,northern plains blazing star,N,,
Liatris punctata var. punctata,dotted blazing star,N,,
Liatris pycnostachya var. pycnostachya,great blazing star,N,,
Lilium michiganense,Michigan lily,N,,
Lilium philadelphicum,wood lily,N,,
Limosella aquatica,mudwort,N,SC,
Linaria dalmatica,dalmation toadflax,I,,
Linaria vulgaris,butter-and-eggs,I,,
Lindernia dubia,yellow-seeded false pimpernel,N,,
Lindernia dubia var. anagallidea,yellow-seeded false pimpernel,N,,
Lindernia dubia var. dubia,yellow-seeded false pimpernel,N,,
Linnaea borealis var. longiflora,twinflower,N,,
Linum lewisii,blue flax,I,,
Linum rigidum var. rigidum,stiff-stem yellow flax,N,,
Linum sulcatum,grooved yellow flax,N,,
Linum usitatissimum,common flax,I,,
Liparis liliifolia,lily-leaved twayblade,N,,
Liparis loeselii,Loesel's twayblade,N,,
Lipocarpha micrantha,hemicarpha,N,,
Listera auriculata,auricled twayblade,N,E,
Listera convallarioides,broad-leaved twayblade,N,SC,
Listera cordata var. cordata,heart-leaved twayblade,N,,
Lithospermum canescens,hoary puccoon,N,,
Lithospermum caroliniense var. croceum,hairy puccoon,N,,
Lithospermum incisum,narrow-leaved puccoon,N,,
Lithospermum latifolium,American gromwell,N,,
Littorella americana,American shore plantain,N,SC,
Lobelia cardinalis var. cardinalis,cardinal flower,N,,
Lobelia dortmanna,water lobelia,N,,
Lobelia inflata,Indian tobacco,N,,
Lobelia kalmii,Kalm's lobelia,N,,
Lobelia siphilitica,great lobelia,N,,
Lobelia siphilitica var. ludoviciana,great lobelia,N,,
Lobelia siphilitica var. siphilitica,great lobelia,N,,
Lobelia spicata,pale-spiked lobelia,N,,
Lobelia spicata var. hirtella,rough-spiked lobelia,N,,
Lobelia spicata var. spicata,rough-spiked lobelia,N,,
Lobularia maritima,sweet alyssum,I,,
Logfia arvensis,field cotton rose,I,,
Lolium perenne,English rye grass,I,,
Lomatium orientale,desert parsley,N,,
Lonicera ×bella,pretty honeysuckle,I,,
Lonicera canadensis,fly honeysuckle,N,,
Lonicera dioica,wild honeysuckle,N,,
Lonicera dioica var. dioica ,wild honeysuckle,N,,
Lonicera dioica var. glaucescens ,wild honeysuckle,N,,
Lonicera hirsuta,hairy honeysuckle,N,,
Lonicera morrowii,Morrow's honeysuckle,I,,
Lonicera oblongifolia,swamp fly honeysuckle,N,,
Lonicera reticulata,grape honeysuckle,N,,
Lonicera tatarica,tartarian honeysuckle,I,,
Lonicera villosa,mountain fly honeysuckle,N,,
Lotus corniculatus,bird's-foot trefoil,I,,
Lotus purshianus,prairie trefoil,N,,
Ludwigia palustris,common water primrose,N,,
Ludwigia polycarpa,false loosestrife,N,,
Lupinus perennis,wild lupine,N,,
Lupinus polyphyllus,large-leaved lupine,I,,
Luzula acuminata var. acuminata,pointed woodrush,N,,
Luzula luzuloides subsp. luzuloides,Lamarck's woodrush,I,,
Luzula multiflora subsp. multiflora,many-flowered woodrush,I,,
Luzula parviflora,small-flowered woodrush,N,T,
Lycium barbarum,matrimony vine,I,,
Lycopodiella inundata,bog clubmoss,N,,
Lycopodium annotinum,bristly clubmoss,N,,
Lycopodium clavatum,running clubmoss,N,,
Lycopodium dendroideum,round-branched groundpine,N,,
Lycopodium hickeyi,princess pine,N,,
Lycopodium lagopus,one-cone clubmoss,N,,
Lycopus americanus,cut-leaved bugleweed,N,,
Lycopus asper,rough bugleweed,N,,
Lycopus ×sherardii,Sherard's bugleweed,N,,
Lycopus uniflorus,northern bugleweed,N,,
Lycopus virginicus,Virginia bugleweed,N,W,
Lygodesmia juncea,skeletonweed,N,,
Lysimachia ciliata,fringed loosestrife,N,,
Lysimachia ×commixta,mixed loosestrife,N,,
Lysimachia hybrida,hybrid loosestrife,N,,
Lysimachia maritima,sea milkwort,N,E,
Lysimachia nummularia,moneywort,I,,
Lysimachia quadriflora,prairie loosestrife,N,,
Lysimachia quadrifolia,whorled loosestrife,N,SC,
Lysimachia terrestris,yellow loosestrife,N,,
Lysimachia thyrsiflora,tufted loosestrife,N,,
Lythrum alatum var. alatum,wing-angled loosestrife,N,,
Lythrum salicaria,purple loosestrife,I,,"SN,,PI"
Madia glomerata,tarweed,I,,
Maianthemum canadense,Canada mayflower,N,,
Maianthemum racemosum subsp. racemosum,common false Solomon's seal,N,,
Maianthemum stellatum,starry false Solomon's seal,N,,
Maianthemum trifolium,three-leaved false Solomon's seal,N,,
Malaxis monophyllos var. brachypoda,white adder's mouth,N,SC,
Malaxis paludosa,bog adder's mouth,N,E,
Malaxis unifolia,green adder's mouth,N,,
Malus ioensis,prairie crabapple,N,,
Malva neglecta,cheeses,I,,
Malva rotundifolia,round-leaved mallow,I,,
Marsilea vestita,hairy waterclover,N,E,
Matricaria chamomilla,wild chamomile,I,,
Matricaria discoidea,pineapple weed,I,,
Matteuccia struthiopteris var. pensylvanica,ostrich fern,N,,
Medicago lupulina,black medick,I,,
Medicago sativa,alfalfa,I,,
Medicago sativa subsp. falcata ,alfalfa,I,,
Medicago sativa subsp. sativa ,alfalfa,I,,
Melampyrum lineare,cow wheat,N,,
Melampyrum lineare var. americanum ,cow wheat,N,,
Melampyrum lineare var. lineare ,cow wheat,N,,
Melica nitens,three-flowered melic,N,T,
Melilotus alba,white sweet clover,I,,
Melilotus officinalis,yellow sweet clover,I,,
Menispermum canadense,Canada moonseed,N,,
Mentha arvensis var. canadensis,common mint,N,,
Mentha ×gentilis,heartmint,I,,
Mentha spicata,spearmint,I,,
Menyanthes trifoliata,buckbean,N,,
Mertensia paniculata,panicled bluebells,N,,
Mertensia virginica,Virginia bluebells,N,,
Micranthes pensylvanica,swamp saxifrage,N,,
Micranthes virginiensis,early saxifrage,N,,
Milium effusum var. cisatlanticum,woodland millet grass,N,,
Mimulus glabratus var. fremontii,yellow monkey flower,N,,
Mimulus ringens var. ringens,blue monkey flower,N,,
Minuartia dawsonensis,rock sandwort,N,T,
Mirabilis albida,hairy four o'clock,N,,
Mirabilis linearis var. linearis,narrow-leaved four o'clock,I,,
Mirabilis nyctaginea,heart-leaved four o'clock,N,,
Miscanthus sacchariflorus,amur silver grass,I,,
Mitchella repens,partridgeberry,N,,
Mitella diphylla,two-leaved miterwort,N,,
Mitella nuda,naked miterwort,N,,
Moehringia lateriflora,side-flowering sandwort,N,,
Moehringia macrophylla,large-leaved sandwort,N,T,
Mollugo verticillata,carpetweed,I,,
Monarda fistulosa,wild bergamot,N,,
Monarda fistulosa var. fistulosa ,wild bergamot,N,,
Monarda fistulosa var. menthaefolia ,wild bergamot,N,,
Monarda punctata var. villicaulis,horsemint,N,,
Moneses uniflora,one-flowered pyrola,N,,
Monolepis nuttalliana,povertyweed,N,H,
Monotropa hypopithys,pinesap,N,,
Monotropa uniflora,Indian pipe,N,,
Montia chamissoi,montia,N,E,
Morus alba,white mulberry,I,,
Morus rubra,red mulberry,N,H,
Muhlenbergia asperifolia,scratchgrass,N,,
Muhlenbergia cuspidata,Plains muhly,N,,
Muhlenbergia frondosa,swamp muhly grass,N,,
Muhlenbergia glomerata,clustered muhly grass,N,,
Muhlenbergia mexicana,Mexican muhly grass,N,,
Muhlenbergia mexicana var. filiformis ,Mexican muhly grass,N,,
Muhlenbergia mexicana var. mexicana ,Mexican muhly grass,N,,
Muhlenbergia racemosa,marsh muhly grass,N,,
Muhlenbergia richardsonis,mat muhly grass,N,,
Muhlenbergia schreberi,dropseed muhly grass,N,W,
Muhlenbergia sylvatica,woodland muhly grass,N,,
Muhlenbergia uniflora,one-flowered muhly,N,SC,
Mulgedium pulchellum,beautiful blue lettuce,N,,
Myosotis arvensis,field forget-me-not,I,,
Myosotis laxa,smaller forget-me-not,N,,
Myosotis scorpioides,true forget-me-not,I,,
Myosotis verna,Virginia forget-me-not,N,,
Myosoton aquaticum,giant chickweed,I,,
Myosurus minimus,mousetail,N,,
Myrica gale,sweet gale,N,,
Myriophyllum alterniflorum,alternate-flower water milfoil,N,,
Myriophyllum farwellii,Farwell's water milfoil,N,,
Myriophyllum heterophyllum,broadleaf water milfoil,N,SC,
Myriophyllum sibiricum,northern water milfoil,N,,
Myriophyllum spicatum,Eurasian water milfoil,I,,PI
Myriophyllum tenellum,slender water milfoil,N,,
Myriophyllum verticillatum,whorled water milfoil,N,,
Najas flexilis,flexuous naiad,N,,
Najas gracillima,slender naiad,N,SC,
Najas guadalupensis,southern naiad,N,,
Najas guadalupensis subsp. guadalupensis,southern naiad,N,,
Najas guadalupensis subsp. olivacea,southern naiad,N,SC,
Najas marina,sea naiad,N,SC,
Najas minor,brittle water-nymph,I,,PI
Napaea dioica,glade mallow,N,T,
Nassella viridula,green needle grass,N,,
Nasturtium microphyllum,one-row yellowcress,I,,
Nasturtium officinale,small-leaved water cress,I,,
Nelumbo lutea,American lotus,N,,
Nemopanthus mucronatus,swamp holly,N,,
Nepeta cataria,catnip,I,,
Neslia paniculata,ball mustard,I,,
Nothocalais cuspidata,prairie false dandelion,N,,
Nuphar microphylla,yellow pond-lily,N,,
Nuphar ×rubrodisca,intermediate pond-lily,N,,
Nuphar variegata,bullhead pond-lily,N,,
Nuttallanthus canadensis,old field toadflax,N,SC,
Nymphaea leibergii,small white waterlily,N,T,
Nymphaea odorata,American white waterlily,N,,
Nymphaea odorata subsp. odorata ,American white waterlily,N,,
Nymphaea odorata subsp. tuberosa ,American white waterlily,N,,
Oenothera biennis,common evening primrose,N,,
Oenothera biennis var. biennis ,common evening primrose,N,,
Oenothera biennis var. canescens,common evening primrose,N,,
Oenothera clelandii,Cleland's evening primrose,N,,
Oenothera laciniata var. laciniata,cut-leaved evening primrose,N,W,
Oenothera nuttallii,Nuttall's evening primrose,N,,
Oenothera parviflora,northern evening primrose,N,,
Oenothera parviflora var. oakesiana,northern evening primrose,N,,
Oenothera parviflora var. parviflora,northern evening primrose,N,,
Oenothera perennis,perennial evening primrose,N,,
Oenothera rhombipetala,rhombic evening primrose,N,SC,
Onoclea sensibilis,sensitive fern,N,,
Onosmodium molle,false gromwell,N,,
Onosmodium molle var. hispidissimum,false gromwell,N,,
Onosmodium molle var. occidentale,false gromwell,N,,
Ophioglossum pusillum,adder's tongue,N,W,
Opuntia fragilis,brittle prickly pear,N,,
Opuntia macrorhiza,devil's tongue,N,SC,
Ornithogalum umbellatum,star-of-bethlehem,I,,
Orobanche fasciculata,clustered broomrape,N,T,
Orobanche ludoviciana var. ludoviciana,Louisiana broomrape,N,T,
Orobanche uniflora,one-flowered broomrape,N,T,
Orthilia secunda,one-sided pyrola,N,,
Orthocarpus luteus,owl clover,N,,
Oryzopsis asperifolia,moutain rice grass,N,,
Osmorhiza berteroi,Chilean sweet cicely,N,E,
Osmorhiza claytonii,Clayton's sweet cicely,N,,
Osmorhiza depauperata,blunt-fruited sweet cicely,N,SC,
Osmorhiza longistylis,aniseroot,N,,
Osmunda cinnamomea,cinnamon fern,N,,
Osmunda claytoniana,interrupted fern,N,,
Osmunda regalis var. spectabilis,royal fern,N,,
Ostrya virginiana,ironwood,N,,
Oxalis acetosella,common wood sorrel,I,,
Oxalis dillenii,southern wood sorrel,N,,
Oxalis stricta,yellow wood sorrel,N,,
Oxalis violacea,violet wood sorrel,N,,
Oxypolis rigidior,cowbane,N,W,
Oxytropis campestris var. chartacea,flat locoweed,N,,
Oxytropis lambertii var. lambertii,Lambert's locoweed,N,,
Oxytropis splendens,showy locoweed,N,,
Oxytropis viscida,sticky locoweed,N,E,
Packera aurea,golden ragwort,N,,
Packera cana,gray ragwort,N,E,
Packera indecora,elegant groundsel,N,E,
Packera paupercula,balsam ragwort,N,,
Packera plattensis,prairie ragwort,N,,
Packera pseudaurea var. semicordata,western heart-leaved groundsel,N,,
Panax quinquefolius,American ginseng,N,T,
Panax trifolius,dwarf ginseng,N,,
Panicum capillare subsp. capillare,witch grass,N,,
Panicum dichotomiflorum subsp. dichotomiflorum,fall panic grass,N,,
Panicum philadelphicum subsp. philadelphicum,Philadelphia panic grass,N,,
Panicum virgatum,switchgrass,N,,
Parietaria pensylvanica,pellitory,N,,
Parnassia glauca,American grass-of-parnassus,N,,
Parnassia palustris,marsh grass-of-parnassus,N,,
Paronychia canadensis,Canada forked chickweed,N,E,
Paronychia fastigiata var. fastigiata,forked chickweed,N,E,
Parthenium integrifolium,wild quinine,N,E,
Parthenocissus quinquefolia,Virginia creeper,N,,
Parthenocissus vitacea,woodbine,N,,
Pascopyrum smithii,western wheatgrass,I,,
Paspalum setaceum,hairy beadgrass,N,,
Paspalum setaceum var. muhlenbergii ,hairy beadgrass,N,,
Paspalum setaceum var. stramineum ,hairy beadgrass,N,,
Pastinaca sativa,wild parsnip,I,,SN
Pedicularis canadensis,wood betony,N,,
Pedicularis lanceolata,swamp lousewort,N,,
Pediomelum argophyllum,silverleaf scurfpea,N,,
Pediomelum esculentum,prairie turnip,N,,
Pellaea atropurpurea,purple cliff brake,N,SC,
Pellaea glabella subsp. glabella,smooth cliff brake,N,,
Peltandra virginica,green arrow arum,I,,
Penstemon albidus,white beard tongue,N,,
Penstemon digitalis,foxglove beard tongue,U,W,
Penstemon gracilis,slender beard tongue,N,,
Penstemon grandiflorus,large-flowered beard tongue,N,,
Penstemon pallidus,pale beard tongue,N,W,
Penthorum sedoides,ditch stonecrop,N,,
Peritoma serrulata,spider-flower,I,,
Persicaria amphibia,water smartweed,N,,
Persicaria arifolia,halberd-leaved tearthumb,N,,
Persicaria careyi,Carey's smartweed,N,SC,
Persicaria hydropiper,marsh waterpepper,I,,
Persicaria hydropiperoides,mild waterpepper,N,H,
Persicaria lapathifolia,nodding smartweed,N,,
Persicaria maculosa,lady's thumb,I,,
Persicaria orientalis,prince's feather,I,,
Persicaria pensylvanica,Pennsylvania smartweed,N,,
Persicaria punctata,dotted smartweed,N,,
Persicaria sagittata,arrow-leaved tearthumb,N,,
Persicaria virginiana,Virginia knotweed,N,,
Petasites frigidus,sweet coltsfoot,N,,
Petasites frigidus var. palmatus,palmate sweet coltsfoot,N,,
Petasites frigidus var. sagittatus,arrow-leaved sweet coltsfoot,N,,
Petasites frigidus var. ×vitifolius,grape-leaved sweet coltsfoot,N,,
Petrorhagia saxifraga var. saxifraga,petrorhagia,I,,
Phacelia franklinii,Franklin's phacelia,N,T,
Phalaris arundinacea,reed canary grass,I,,
Phalaris canariensis,birdseed grass,I,,
Phedimus aizoon,orange stonewort,I,,
Phedimus spurius,two-row stonecrop,I,,
Phegopteris connectilis,long beech fern,N,,
Phegopteris hexagonoptera,broad beech fern,N,E,
Phemeranthus parviflorus,small-flowered fameflower,N,,
Phemeranthus rugospermus,rough-seeded fameflower,N,T,
Phleum pratense subsp. pratense,timothy,I,,
Phlox divaricata var. laphamii,blue phlox,N,,
Phlox maculata,wild sweet william,N,SC,
Phlox paniculata,garden phlox,I,,
Phlox pilosa var. fulgida,prairie phlox,N,,
Phlox subulata var. subulata,ground pink,I,,
Phragmites australis,common reedgrass,N,,
Phragmites australis subsp. americanus,common reedgrass,N,,
Phragmites australis subsp. australis,common reedgrass,I,,
Phryma leptostachya,lopseed,N,,
Phyla lanceolata,fogfruit,N,,
Physalis heterophylla var. heterophylla,clammy ground cherry,N,,
Physalis pubescens var. grisea,hairy ground cherry,I,,
Physalis virginiana,Virginia ground cherry,N,,
Physaria ludoviciana,bladderpod,N,E,
Physocarpus opulifolius,ninebark,N,,
Physocarpus opulifolius var. intermedius ,ninebark,N,,
Physocarpus opulifolius var. opulifolius ,ninebark,N,,
Physostegia virginiana var. virginiana,obedient plant,N,,
Picea glauca,white spruce,N,,
Picea mariana,black spruce,N,,
Pilea fontana,black-fruited clearweed,N,,
Pilea pumila,dwarf clearweed,N,,
Pimpinella saxifraga,burnet saxifrage,I,,
Pinguicula vulgaris,butterwort,N,SC,
Pinus banksiana,jack pine,N,,
Pinus resinosa,red pine,N,,
Pinus strobus,white pine,N,,
Pinus sylvestris,scotch pine,I,,
Piptatherum canadense,Canadian ricegrass,N,T,
Piptatherum pungens,sharp-pointed rice grass,N,,
Piptatherum racemosum,black-fruited rice grass,N,,
Plagiobothrys scouleri var. penicillatus,Scouler's popcornflower,N,SC,
Plantago aristata,bracted plantain,N,,
Plantago elongata,slender plantain,N,SC,
Plantago eriopoda,alkali plantain,N,,
Plantago lanceolata,English plantain,I,,RS
Plantago major,common plantain,I,,
Plantago patagonica,Pursh's plantain,I,,
Plantago patagonica var. patagonica ,Pursh's plantain,I,,
Plantago patagonica var. spinulosa ,Pursh's plantain,I,,
Plantago psyllium,leafy-stemmed plantain,I,,
Plantago rugelii,Rugel's plantain,N,,
Plantago virginica,hoary plantain,N,H,
Platanthera aquilonis,northern green orchid,N,,
Platanthera clavellata,small green wood orchid,N,SC,
Platanthera dilatata var. dilatata,tall white bog orchid,N,,
Platanthera flava var. herbiola,tubercled rein orchid,N,T,
Platanthera hookeri,Hooker's orchid,N,,
Platanthera huronensis,tall northern bog orchid,N,,
Platanthera lacera,ragged fringed orchid,N,,
Platanthera obtusata,small northern bog orchid,N,,
Platanthera orbiculata,large round-leaved orchid,N,,
Platanthera praeclara,western prairie fringed orchid,N,E,
Platanthera psycodes,small purple fringed orchid,N,,
Poa alsodes,wood bluegrass,N,,
Poa annua,annual bluegrass,I,,
Poa arida,Plains bluegrass,N,W,
Poa bulbosa subsp. vivipara,bulbous bluegrass,I,,
Poa chaixii,tall bluegrass,I,,
Poa compressa,Canada bluegrass,I,,
Poa glauca subsp. glauca,pale bluegrass,N,,
Poa interior,inland bluegrass,N,,
Poa nemoralis,sylvan bluegrass,I,,
Poa paludigena,bog bluegrass,N,T,
Poa palustris,fowl bluegrass,N,,
Poa pratensis subsp. pratensis,Kentucky bluegrass,I,,
Poa saltuensis,old-pasture bluegrass,N,,
Poa saltuensis subsp. languida ,weak bluegrass,N,,
Poa saltuensis subsp. saltuensis ,pasture bluegrass,N,,
Poa secunda subsp. secunda,curly blue grass,N,,
Poa sylvestris,woodland bluegrass,N,W,
Poa trivialis subsp. trivialis,rough bluegrass,I,,
Poa wolfii,Wolf's bluegrass,N,SC,
Podophyllum peltatum,mayapple,N,,
Pogonia ophioglossoides,rose pogonia,N,,
Polanisia dodecandra,clammy weed,N,,
Polanisia dodecandra subsp. dodecandra,clammy weed,N,,
Polanisia dodecandra subsp. trachysperma,clammy weed,N,,
Polanisia jamesii,James's polanisia,N,E,
Polemonium occidentale subsp. lacustre,western Jacob's-ladder,N,E,
Polemonium reptans var. reptans,spreading Jacob's-ladder,N,,
Polygala cruciata,cross-leaved milkwort,N,E,
Polygala paucifolia,gaywings,N,,
Polygala polygama var. obtusata,racemed milkwort,N,,
Polygala sanguinea,blood milkwort,N,,
Polygala senega,Seneca snakeroot,N,,
Polygala verticillata var. isocycla,whorled milkwort,N,,
Polygonatum biflorum,giant Solomon's seal,N,,
Polygonatum pubescens,hairy Solomon's seal,N,,
Polygonella articulata,coast jointweed,N,,
Polygonum achoreum,blue knotweed,N,,
Polygonum aviculare,prostrate knotweed,I,,
Polygonum aviculare subsp. aviculare ,common knotweed,I,,
Polygonum aviculare subsp. buxiforme ,common knotweed,N,,
Polygonum aviculare subsp. depressum ,common knotweed,I,,
Polygonum aviculare subsp. neglectum ,common knotweed,I,,
Polygonum douglasii,Douglas' knotweed,N,,
Polygonum erectum,erect knotweed,N,,
Polygonum ramosissimum,bushy knotweed,N,,
Polygonum ramosissimum subsp. prolificum ,bushy knotweed,N,,
Polygonum ramosissimum subsp. ramosissimum ,bushy knotweed,N,,
Polygonum tenue,slender knotweed,N,,
Polymnia canadensis,leafcup,N,,
Polypodium virginianum,common polypody,N,,
Polystichum acrostichoides,Christmas fern,N,E,
Polystichum braunii,Braun's holly fern,N,T,
Polytaenia nuttallii,prairie parsley,N,H,
Pontederia cordata,pickerelweed,N,,
Populus alba,white poplar,I,,
Populus balsamifera,balsam poplar,N,,
Populus deltoides subsp. monilifera,cottonwood,N,,
Populus grandidentata,big-toothed aspen,N,,
Populus ×jackii,Jack's cottonwood,N,,
Populus tremuloides,quaking aspen,N,,
Portulaca oleracea,purslane,I,,
Potamogeton alpinus,alpine pondweed,N,,
Potamogeton amplifolius,large-leaved pondweed,N,,
Potamogeton bicupulatus,snailseed pondweed,N,E,
Potamogeton confervoides,algae-like pondweed,N,W,
Potamogeton crispus,curly pondweed,I,,PI
Potamogeton diversifolius,diverse-leaved pondweed,N,E,
Potamogeton epihydrus,ribbon-leaved pondweed,N,,
Potamogeton foliosus subsp. foliosus,leafy pondweed,N,,
Potamogeton friesii,Fries' pondweed,N,,
Potamogeton gramineus,grass-leaved pondweed,N,,
Potamogeton ×hagstroemii,Hagstrom's pondweed,N,W,
Potamogeton ×haynesii,Haynes' pondweed,N,W,
Potamogeton illinoensis,Illinois pondweed,N,,
Potamogeton natans,floating pondweed,N,,
Potamogeton nodosus,American pondweed,N,,
Potamogeton oakesianus,Oakes' pondweed,N,E,
Potamogeton obtusifolius,blunt-leaved pondweed,N,,
Potamogeton praelongus,white-stemmed pondweed,N,,
Potamogeton pulcher,spotted pondweed,N,E,
Potamogeton pusillus,very small pondweed,N,,
Potamogeton pusillus subsp. pusillus ,very small pondweed,N,,
Potamogeton pusillus subsp. tenuissimus ,very small pondweed,N,,
Potamogeton richardsonii,Richardson's pondweed,N,,
Potamogeton robbinsii,Robbins' pondweed,N,,
Potamogeton spirillus,coiled pondweed,N,,
Potamogeton strictifolius,straight-leaved pondweed,N,,
Potamogeton vaseyi,Vasey's pondweed,N,,
Potamogeton zosteriformis,flat-stemmed pondweed,N,,
Potentilla anserina,silverweed,N,,
Potentilla argentea,silvery cinquefoil,I,,
Potentilla arguta subsp. arguta,tall cinquefoil,N,,
Potentilla effusa,spreading cinquefoil,N,H,
Potentilla flabelliformis,slender cinquefoil,N,W,
Potentilla norvegica,rough cinquefoil,N,,
Potentilla palustris,marsh cinquefoil,N,,
Potentilla paradoxa,bushy cinquefoil,N,W,
Potentilla pensylvanica,Pennsylvania cinquefoil,N,,
Potentilla pensylvanica var. arida ,Pennsylvania cinquefoil,N,,
Potentilla pensylvanica var. bipinnatifida ,Pennsylvania cinquefoil,N,,
Potentilla pensylvanica var. pensylvanica ,Pennsylvania cinquefoil,N,,
Potentilla recta,rough-fruited cinquefoil,I,,
Potentilla rivalis,brook cinquefoil,N,,
Potentilla simplex,oldfield cinquefoil,N,,
Prenanthes alba,white rattlesnakeroot,N,,
Prenanthes aspera,hairy rattlesnakeroot,N,,
Prenanthes crepidinea,nodding rattlesnakeroot,N,H,
Prenanthes racemosa,smooth rattlesnakeroot,N,,
Primula mistassinica,Mistassini primrose,N,,
Prosartes trachycarpa,rough-fruited fairybells,N,E,
Prunella vulgaris,heal-all,I,,
Prunella vulgaris var. lanceolata ,heal-all,I,,
Prunella vulgaris var. vulgaris ,heal-all,I,,
Prunus americana,wild plum,N,,
Prunus nigra,Canada plum,N,,
Prunus pensylvanica,pin cherry,N,,
Prunus pumila,sand cherry,N,,
Prunus pumila var. besseyi ,sand cherry,N,,
Prunus pumila var. pumila ,sand cherry,N,,
Prunus serotina,black cherry,N,,
Prunus susquehanae,Susquehanae cherry,N,,
Prunus virginiana,chokecherry,N,,
Pseudognaphalium macounii,clammy cudweed,N,,
Pseudognaphalium obtusifolium,sweet everlasting,N,,
Psoralidium tenuiflorum,slender-leaved scurfpea,N,E,
Pteridium aquilinum var. latiusculum,bracken,N,,
Puccinellia distans,European alkali grass,I,,
Puccinellia nuttalliana,Nuttall's alkali grass,N,W,
Pycnanthemum virginianum,Virginia mountain mint,N,,
Pyrola americana,round-leaved pyrola,N,,
Pyrola asarifolia subsp. asarifolia,pink shinleaf,N,,
Pyrola chlorantha,green-flowered pyrola,N,,
Pyrola elliptica,elliptic shinleaf,N,,
Pyrola minor,small shinleaf,N,SC,
Quercus alba,white oak,N,,
Quercus ×bebbiana,Bebb's hybrid white oak,N,,
Quercus bicolor,swamp white oak,N,SC,
Quercus bicolor × macrocarpa,oak,N,,
Quercus ellipsoidalis,northern pin oak,N,,
Quercus ellipsoidalis × rubra,oak,N,,
Quercus ×hawkinsii,Hawkins' hybrid black oak,N,,
Quercus ×hillii,Hill's hybrid white oak,N,,
Quercus macrocarpa,bur oak,N,,
Quercus muhlenbergii,chestnut oak,N,H,
Quercus ×palaeolithicola,oak,I,,
Quercus rubra,northern red oak,N,,
Quercus velutina,black oak,N,,
Ranunculus abortivus,kidney-leaved buttercup,N,,
Ranunculus acris,tall buttercup,I,,
Ranunculus aquatilis var. diffusus,limp white water crowfoot,N,,
Ranunculus cymbalaria,seaside crowfoot,N,,
Ranunculus fascicularis,swamp buttercup,N,,
Ranunculus flabellaris,large yellow water crowfoot,N,,
Ranunculus flammula,spearwort,N,,
Ranunculus flammula var. ovalis,spearwort,N,,
Ranunculus flammula var. reptans,spearwort,N,,
Ranunculus gmelinii,small yellow water crowfoot,N,,
Ranunculus hispidus,hispid buttercup,N,,
Ranunculus hispidus var. caricetorum,hispid buttercup,N,,
Ranunculus hispidus var. nitidus,hispid buttercup,N,,
Ranunculus lapponicus,Lapland buttercup,N,SC,
Ranunculus macounii,Macoun's buttercup,N,,
Ranunculus pensylvanicus,bristly buttercup,N,,
Ranunculus recurvatus var. recurvatus,hooked crowfoot,N,,
Ranunculus repens,creeping buttercup,I,,
Ranunculus rhomboideus,early buttercup,N,,
Ranunculus sceleratus,cursed crowfoot,N,,
Ranunculus sceleratus var. multifidus ,cursed crowfoot,N,,
Ranunculus sceleratus var. sceleratus ,cursed crowfoot,N,,
Raphanus raphanistrum,jointed charlock,I,,RS
Ratibida columnifera,prairie coneflower,N,,
Ratibida pinnata,gray-headed coneflower,N,,
Rhamnus alnifolia,dwarf alder,N,,
Rhamnus cathartica,common buckthorn,I,,RN
Rhodiola integrifolia subsp. leedyi,Leedy's roseroot,N,E,
Rhododendron groenlandicum,labrador tea,N,,
Rhus ×borealis,hybrid sumac,N,,
Rhus glabra,smooth sumac,N,,
Rhus hirta,staghorn sumac,N,,
Rhynchospora alba,white beak rush,N,,
Rhynchospora capillacea,hair-like beak rush,N,T,
Rhynchospora capitellata,brownish beaksedge,N,W,
Rhynchospora fusca,sooty-colored beak rush,N,,
Ribes americanum,wild black currant,N,,
Ribes aureum var. villosum,flowering currant,I,,
Ribes cynosbati,prickly gooseberry,N,,
Ribes glandulosum,skunk currant,N,,
Ribes hirtellum,swamp gooseberry,N,,
Ribes hudsonianum,northern black currant,N,,
Ribes lacustre,swamp black currant,N,,
Ribes missouriense,Missouri gooseberry,N,,
Ribes oxyacanthoides var. oxyacanthoides,northern gooseberry,N,,
Ribes triste,swamp red currant,N,,
Robinia pseudoacacia,black locust,I,,
Rorippa aquatica,lakecress,N,,
Rorippa palustris,Icelandic yellow cress,N,,
Rorippa palustris subsp. hispida,Icelandic yellow cress,N,,
Rorippa palustris subsp. palustris,Icelandic yellow cress,N,,
Rorippa sessiliflora,sessile-flowered yellow cress,N,SC,
Rorippa sinuata,spreading yellow cress,N,W,
Rorippa sphaerocarpa,roundfruit yellowcress,N,,
Rorippa sylvestris,creeping yellow cress,I,W,
Rosa acicularis subsp. sayi,prickly rose,N,,
Rosa arkansana,prairie rose,N,,
Rosa blanda,smooth wild rose,N,,
Rosa ×dulcissima,rose,N,,
Rosa woodsii var. woodsii,Wood's rose,N,,
Rotala ramosior,toothcup,N,T,
Rubus ablatus,mountain blackberry,N,,
Rubus acridens,sharp-toothed blackberry,N,,
Rubus allegheniensis,Allegheny blackberry,N,,
Rubus alumnus,old field blackberry,N,,
Rubus arcticus subsp. acaulis,arctic raspberry,N,,
Rubus canadensis,smooth blackberry,N,,
Rubus chamaemorus,cloudberry,N,T,
Rubus dissensus,bristly blackberry,N,,
Rubus ferrofluvius,Iron River blackberry,N,,
Rubus flagellaris,northern dewberry,N,,
Rubus frondosus,tall blackberry,N,,
Rubus fulleri,bristle-berry,N,T,
Rubus groutianus,setose blackberry,N,,
Rubus hispidus,bristly dewberry,U,,
Rubus idaeus var. strigosus,red raspberry,N,,
Rubus ithacanus,Ithaca blacberry,N,,
Rubus missouricus,Missouri dewberry,N,E,
Rubus multifer,Kinnickinnick dewberry,N,SC,
Rubus ×neglectus,hybrid red raspberry,N,,
Rubus occidentalis,black raspberry,N,,
Rubus parviflorus,thimbleberry,N,,
Rubus plicatifolius,plait-leaf dewberry,N,,
Rubus pubescens,dwarf raspberry,N,,
Rubus quaesitus,Prince Edward Island blackberry,N,SC,
Rubus recurvans,recurved blackberry,N,,
Rubus regionalis,bristle-berry,N,,
Rubus rosa,rose blackberry,N,,
Rubus satis,Blanchard's dewberry,N,,
Rubus semisetosus,swamp blackberry,N,T,
Rubus steelei,Steel's dewberry,N,,
Rubus stipulatus,bristle-berry,N,E,
Rubus superioris,superior blackberry,N,,
Rubus uniformis,bristle-berry,N,,
Rubus vermontanus,Vermont blackberry,N,SC,
Rubus wheeleri,Wheeler's blackberry,N,W,
Rubus wisconsinensis,Wisconsin blackberry,N,,
Rudbeckia hirta var. pulcherrima,black-eyed susan,N,,
Rudbeckia laciniata var. laciniata,tall coneflower,N,,
Rudbeckia subtomentosa,sweet coneflower,N,W,
Rudbeckia triloba var. triloba,three-leaved coneflower,N,T,
Ruellia humilis,wild petunia,N,H,
Rumex acetosa,green sorrel,I,,
Rumex acetosella,common sheep sorrel,I,,
Rumex altissimus,tall water dock,N,,
Rumex britannica,great water dock,N,,
Rumex crispus,curly dock,I,,
Rumex fueginus,golden dock,N,,
Rumex longifolius,domestic dock,I,,
Rumex obtusifolius,bitter dock,I,,
Rumex patientia,patience dock,I,,
Rumex pseudonatronatus,field dock,I,,
Rumex stenophyllus,narrow-leaved dock,I,,
Rumex triangulivalvis,Mexican dock,N,,
Rumex verticillatus,whorled water dock,N,,
Ruppia cirrhosa,spiral ditchgrass,N,SC,
Sagina nodosa subsp. borealis,knotty pearlwort,N,E,
Sagina procumbens,bird's eye pearlwort,I,,
Sagittaria brevirostra,short-beaked arrowhead,N,E,
Sagittaria calycina var. calycina,hooded arrowhead,N,T,
Sagittaria cristata,crested arrowhead,N,,
Sagittaria cuneata,arum-leaved arrowhead,N,,
Sagittaria latifolia,broad-leaved arrowhead,N,,
Sagittaria rigida,sessile-fruited arrowhead,N,,
Salicornia rubra,red saltwort,N,T,
Salix amygdaloides,peach-leaved willow,N,,
Salix bebbiana,Bebb's willow,N,,
Salix candida,sage-leaved willow,N,,
Salix discolor,pussy willow,N,,
Salix eriocephala,heart-leaved willow,N,,
Salix famelica,heart-leaved willow,N,,
Salix fragilis,crack willow,I,,
Salix humilis,prairie willow,N,,
Salix humilis var. humilis,prairie willow,N,,
Salix humilis var. tristis,prairie willow,N,,
Salix interior,sandbar willow,N,,
Salix lucida,shining willow,N,,
Salix maccalliana,McCalla's willow,N,SC,
Salix nigra,black willow,N,,
Salix pedicellaris,bog willow,N,,
Salix pellita,satiny willow,N,T,
Salix pentandra,bay-leaved willow,I,,
Salix petiolaris,slender willow,N,,
Salix planifolia,diamond-leaved willow,N,,
Salix pseudomonticola,false mountain willow,N,SC,
Salix pyrifolia,balsam willow,N,,
Salix ×rubens,red willow,I,,
Salix sericea,silky willow,N,,
Salix serissima,autumn willow,N,,
Salsola collina,salsola tumbleweed,I,,
Salsola tragus,Russian thistle,I,,
Salvia reflexa,lance-leaved sage,I,,
Sambucus canadensis var. canadensis,common elder,N,,
Sambucus racemosa var. pubens,red-berried elder,N,,
Sanguinaria canadensis,bloodroot,N,,
Sanicula canadensis,Canadian black snakeroot,N,,
Sanicula gregaria,gregarious black snakeroot,N,,
Sanicula marilandica,maryland black snakeroot,N,,
Sanicula trifoliata,beaked snakeroot,N,SC,
Saponaria officinalis,bouncing bet,I,,
Sarracenia purpurea subsp. purpurea,pitcher plant,N,,
Satureja vulgaris,wild basil,N,,
Saxifraga cernua,nodding saxifrage,N,E,
Saxifraga paniculata,encrusted saxifrage,N,SC,
Schedonnardus paniculatus,tumble grass,N,SC,
Schedonorus arundinaceus,tall fescue,I,,
Schedonorus pratensis,meadow fescue,I,,
Scheuchzeria palustris,scheuchzeria,N,,
Schizachne purpurascens,false melic grass,N,,
Schizachyrium scoparium var. scoparium,little bluestem,N,,
Schoenoplectus acutus × tabernaemontani,bulrush,N,,
Schoenoplectus acutus var. acutus,hardstem bulrush,N,,
Schoenoplectus heterochaetus,slender bulrush,N,,
Schoenoplectus ×oblongus,bulrush,N,,
Schoenoplectus pungens,three-square bulrush,N,,
Schoenoplectus purshianus var. purshianus,weak-stalk bulrush,N,,
Schoenoplectus smithii,blunt-scale bulrush,N,,
Schoenoplectus smithii var. setosus,blunt-scale bulrush,N,,
Schoenoplectus smithii var. smithii,blunt-scale bulrush,N,,
Schoenoplectus subterminalis,swaying bulrush,N,,
Schoenoplectus tabernaemontani,soft stem bulrush,N,,
Schoenoplectus torreyi,Torrey's bulrush,N,,
Scilla sibirica,Sibirican squill,I,,
Scirpus atrocinctus,black-girdled woolgrass,N,,
Scirpus atrovirens,dark green bulrush,N,,
Scirpus cyperinus,woolgrass,N,,
Scirpus georgianus,Georgia bulrush,N,W,
Scirpus hattorianus,mosquito bulrush,N,,
Scirpus microcarpus,panicled bulrush,N,,
Scirpus pallidus,pale bulrush,N,,
Scirpus pedicellatus,stalked bulrush,N,,
Scirpus pendulus,rufous bulrush,N,W,
Scleranthus annuus subsp. annuus,knawel,I,,
Scleria triglomerata,tall nutrush,N,E,
Scleria verticillata,whorled nutrush,N,T,
Scolochloa festucacea,whitetop,N,,
Scrophularia lanceolata,lance-leaved figwort,N,,
Scrophularia marilandica,Maryland figwort,N,,
Scutellaria galericulata,marsh skullcap,N,,
Scutellaria lateriflora,mad dog skullcap,N,,
Scutellaria leonardii,Leonard's skullcap,N,,
Scutellaria ovata var. versicolor,ovate-leaved skullcap,N,T,
Scutellaria parvula,prairie skullcap,N,,
Sedum acre,mossy stonecrop,I,,
Selaginella rupestris,rock spikemoss,N,,
Selaginella selaginoides,northern spikemoss,N,E,
Senecio integerrimus var. integerrimus,entire ragwort,N,,
Senecio vulgaris,common groundsel,I,,
Setaria faberi,giant foxtail,I,,RS
Setaria italica,foxtail millet,I,,
Setaria pumila subsp. pumila,yellow foxtail,I,,
Setaria verticillata,bristly foxtail,I,,
Setaria viridis,green foxtail,I,,
Setaria viridis var. major ,green foxtail,I,,
Setaria viridis var. viridis ,green foxtail,I,,
Shepherdia argentea,buffaloberry,N,,
Shepherdia canadensis,soapberry,N,SC,
Shinnersoseris rostrata,annual skeletonweed,N,T,
Sibbaldiopsis tridentata,three-toothed cinquefoil,N,,
Sicyos angulatus,bur cucumber,N,,
Silene antirrhina,sleepy catchfly,N,,
Silene armeria,sweet William catchfly,I,,
Silene csereii,smooth catchfly,I,,
Silene dichotoma subsp. dichotoma,forking catchfly,I,,
Silene dioica,red cockle,I,,
Silene drummondii subsp. drummondii,Drummond's campion,N,SC,
Silene flos-cuculi subsp. flos-cuculi,ragged robin,I,,
Silene latifolia,white campion,I,,
Silene nivea,snowy campion,N,T,
Silene noctiflora,night-flowering campion,I,,
Silene stellata,starry campion,N,,
Silene vulgaris subsp. vulgaris,bladder campion,I,,
Silphium laciniatum,compass plant,N,,
Silphium perfoliatum var. perfoliatum,cup plant,N,,
Sinapis arvensis,wild mustard,I,,
Sisymbrium altissimum,tumble mustard,I,,
Sisymbrium loeselii,tall hedge mustard,I,,
Sisymbrium officinale,hedge mustard,I,,
Sisyrinchium angustifolium,narrowleaf blue-eyed grass,N,H,
Sisyrinchium campestre,field blue-eyed grass,N,,
Sisyrinchium montanum var. montanum,mountain blue-eyed grass,N,,
Sisyrinchium mucronatum,pointed-petal blue-eyed grass,N,,
Sium suave,water parsnip,N,,
Smilax ecirrhata,erect carrion flower,N,,
Smilax herbacea,smooth carrion flower,N,,
Smilax illinoensis,Illinois carrion flower,N,,
Smilax lasioneura,common carrion flower,N,,
Smilax tamnoides,greenbrier,N,,
Solanum carolinense,horse nettle,I,,RS
Solanum dulcamara,bittersweet nightshade,I,,
Solanum nigrum var. virginicum,black nightshade,N,,
Solanum rostratum,buffalo bur,N,,
Solanum triflorum,three-flowered nightshade,I,,
Solidago altissima,late goldenrod,N,,
Solidago altissima subsp. altissima,late goldenrod,N,,
Solidago altissima subsp. gilvocanescens,late goldenrod,N,,
Solidago ×bernardii,bernard's goldenrod,N,,
Solidago canadensis,Canada goldenrod,N,,
Solidago canadensis var. canadensis,Canada goldenrod,N,,
Solidago canadensis var. hargeri,Canada goldenrod,N,,
Solidago flexicaulis,zigzag goldenrod,N,,
Solidago gigantea,giant goldenrod,N,,
Solidago hispida,hairy goldenrod,N,,
Solidago juncea,early goldenrod,N,,
Solidago lepida var. lepida,western Canada goldenrod,N,,
Solidago missouriensis,Missouri goldenrod,N,,
Solidago mollis,soft goldenrod,N,SC,
Solidago nemoralis,gray goldenrod,N,,
Solidago nemoralis subsp. decemflora ,gray goldenrod,N,,
Solidago nemoralis subsp. nemoralis ,gray goldenrod,N,,
Solidago ptarmicoides,upland white aster,N,,
Solidago riddellii,Riddell's goldenrod,N,,
Solidago rigida,stiff goldenrod,N,,
Solidago rigida subsp. humilis ,stiff goldenrod,N,,
Solidago rigida subsp. rigida ,stiff goldenrod,N,,
Solidago sciaphila,cliff goldenrod,N,,
Solidago speciosa,showy goldenrod,N,,
Solidago speciosa var. rigidiuscula ,showy goldenrod,N,,
Solidago speciosa var. speciosa ,showy goldenrod,N,,
Solidago uliginosa,bog goldenrod,N,,
Solidago ulmifolia var. ulmifolia,elm-leaved goldenrod,N,,
Sonchus arvensis,field sow thistle,I,,PS
Sonchus arvensis subsp. arvensis,field sow thistle,I,,PS
Sonchus arvensis subsp. uliginosus,field sow thistle,I,,PS
Sonchus asper,spiny sow thistle,I,,
Sonchus oleraceus,common sow thistle,I,,
Sorbus americana,American mountain ash,N,,
Sorbus aucuparia,European mountain ash,I,,
Sorbus decora,showy mountain ash,N,,
Sorghastrum nutans,Indian grass,N,,
Sparganium americanum,Nuttall's bur-reed,N,,
Sparganium androcladum,branching bur-reed,N,,
Sparganium angustifolium,narrow-leaved bur-reed,N,,
Sparganium emersum,narrowleaf bur-reed,N,,
Sparganium eurycarpum,giant bur-reed,N,,
Sparganium fluctuans,floating bur-reed,N,,
Sparganium glomeratum,clustered bur-reed,N,,
Sparganium natans,small bur-reed,N,,
Spartina gracilis,alkali cordgrass,N,,
Spartina pectinata,prairie cordgrass,N,,
Spergula arvensis,corn spurry,I,,
Spergularia rubra,red sand spurrey,I,,
Sphaeralcea coccinea,scarlet mallow,N,,
Sphenopholis intermedia,slender wedge grass,N,,
Sphenopholis obtusata,prairie wedge grass,N,,
Spiraea alba,white meadowsweet,N,,
Spiraea alba var. alba ,white meadowsweet,N,,
Spiraea alba var. latifolia ,white meadowsweet,N,,
Spiraea tomentosa var. rosea,steeplebush,N,,
Spiranthes casei var. casei,Case's ladies' tresses,N,T,
Spiranthes cernua,nodding ladies' tresses,N,,
Spiranthes lacera,northern slender ladies' tresses,N,,
Spiranthes lacera var. gracilis,northern slender ladies' tresses,N,,
Spiranthes lacera var. lacera,northern slender ladies' tresses,N,,
Spiranthes magnicamporum,Great Plains ladies' tresses,N,,
Spiranthes romanzoffiana,hooded ladies' tresses,N,,
Spirodela polyrrhiza,greater duckweed,N,,
Sporobolus compositus var. compositus,rough dropseed,N,,
Sporobolus cryptandrus,sand dropseed,N,,
Sporobolus heterolepis,prairie dropseed,N,,
Sporobolus neglectus,annual dropseed,N,,
Sporobolus vaginiflorus var. vaginiflorus,poverty dropseed,N,,
Stachys hispida,smooth hedge nettle,N,,
Stachys palustris,woundwort,N,,
Stachys palustris var. homotricha ,woundwort,N,,
Stachys palustris var. pilosa ,woundwort,N,,
Stachys tenuifolia,narrow-leaved hedge nettle,N,,
Staphylea trifolia,bladdernut,N,,
Stellaria alsine,alsine chickweed,N,,
Stellaria borealis subsp. borealis,northern starwort,N,,
Stellaria crassifolia,fleshy-leaved starwort,N,,
Stellaria graminea,lesser stitchwort,I,,
Stellaria longifolia,long-leaved chickweed,N,,
Stellaria longipes subsp. longipes,long-stalked chickweed,N,SC,
Stellaria media,common chickweed,I,,
Streptopus amplexifolius,clasping leaved twistedstalk,N,,
Streptopus lanceolatus,rose twistedstalk,N,,
Strophostyles helvola,wild bean,N,,
Strophostyles leiosperma,trailing pea,N,,
Stuckenia filiformis,thread-leaved pondweed,N,,
Stuckenia filiformis subsp. alpina ,thread-leaved pondweed,N,,
Stuckenia filiformis subsp. occidentalis ,thread-leaved pondweed,N,,
Stuckenia pectinata,sago pondweed,N,,
Stuckenia vaginata,sheathed pondweed,N,E,
Suaeda calceoliformis,sea-blite,N,,
Subularia aquatica subsp. americana,awlwort,N,T,
Sullivantia sullivantii,reniform sullivantia,N,T,
Symphoricarpos albus,snowberry,N,,
Symphoricarpos occidentalis,wolfberry,N,,
Symphyotrichum ×amethystinum,New England and heath aster hybrid,N,,
Symphyotrichum boreale,bog aster,N,,
Symphyotrichum ciliatum,short-rayed aster,I,,
Symphyotrichum ciliolatum,Lindley's aster,N,,
Symphyotrichum cordifolium,heart-leaved aster,N,,
Symphyotrichum drummondii var. drummondii,Drummond's aster,N,,
Symphyotrichum ericoides,heath aster,N,,
Symphyotrichum ericoides var. ericoides ,heath aster,N,,
Symphyotrichum ericoides var. pansum ,heath aster,N,,
Symphyotrichum falcatum var. commutatum,sickle-shaped aster,N,,
Symphyotrichum firmum,glossy-leaf aster,N,,
Symphyotrichum laeve,smooth blue aster,N,,
Symphyotrichum laeve var. geyeri ,smooth aster,N,H,
Symphyotrichum laeve var. laeve ,smooth aster,N,,
Symphyotrichum lanceolatum,panicled aster,N,,
Symphyotrichum lanceolatum var. hesperium,western panicled aster,N,,
Symphyotrichum lanceolatum var. interior ,eastern panicled aster,N,,
Symphyotrichum lanceolatum var. lanceolatum,eastern panicled aster,N,,
Symphyotrichum lateriflorum,side-flowering aster,N,,
Symphyotrichum ×longulum,long aster,N,,
Symphyotrichum novae-angliae,New England aster,N,,
Symphyotrichum oblongifolium,aromatic aster,N,,
Symphyotrichum ontarionis var. ontarionis,Ontario aster,N,,
Symphyotrichum oolentangiense,skyblue aster,N,,
Symphyotrichum pilosum,awl aster,N,W,
Symphyotrichum pilosum var. pilosum ,awl aster,N,W,
Symphyotrichum pilosum var. pringlei ,awl aster,N,W,
Symphyotrichum praealtum,veiny lined aster,N,,
Symphyotrichum prenanthoides,crooked aster,N,,
Symphyotrichum puniceum var. puniceum,red-stemmed aster,N,,
Symphyotrichum sericeum,silky aster,N,,
Symphyotrichum shortii,Short's aster,N,SC,
Symphyotrichum urophyllum,tail-leaved aster,N,,
Symphytum officinale,common comfrey,I,,
Symplocarpus foetidus,skunk cabbage,N,,
Taenidia integerrima,yellow pimpernel,N,SC,
Tanacetum parthenium,feverfew,I,,
Tanacetum vulgare,tansey,I,,SN
Taraxacum erythrospermum,red-seeded dandelion,I,,
Taraxacum officinale,common dandelion,I,,
Taxus canadensis,Canada yew,N,,
Tephroseris palustris,swamp ragwort,N,,
Tephrosia virginiana,goat's rue,N,SC,
Teucrium canadense,germander,N,,
Teucrium canadense var. occidentale ,germander,N,,
Teucrium canadense var. virginicum ,germander,N,,
Thalictrum dasycarpum,tall meadow-rue,N,,
Thalictrum dioicum,early meadow-rue,N,,
Thalictrum revolutum,purple meadow-rue,N,W,
Thalictrum thalictroides,rue anemone,N,,
Thalictrum venulosum,veiny meadow-rue,N,,
Thaspium barbinode,hairy-jointed meadow-parsnip,N,SC,
Thelypteris palustris var. pubescens,northern marsh fern,N,,
Thlaspi arvense,pennycress,I,,RS
Thuja occidentalis,white cedar,N,,
Tilia americana,basswood,N,,
Tofieldia pusilla,small false asphodel,N,E,
Torilis japonica,Japanese Hedge Parsley,I,,
Torreyochloa pallida,Torrey's mannagrass,N,SC,
Torreyochloa pallida var. fernaldii,Torrey's mannagrass,N,SC,
Torreyochloa pallida var. pallida,Torrey's mannagrass,N,SC,
Toxicodendron radicans subsp. negundo,common poison ivy,N,,SN
Toxicodendron rydbergii,western poison ivy,N,,
Toxicodendron vernix,poison sumac,N,,
Tradescantia bracteata,bracted spiderwort,N,,
Tradescantia occidentalis var. occidentalis,western spiderwort,N,,
Tradescantia ohiensis,Ohio spiderwort,N,,
Tragopogon dubius,yellow goat's beard,I,,
Tragopogon pratensis,meadow goat's beard,I,,
Triadenum fraseri,marsh St. John's wort,N,,
Triantha glutinosa,sticky false asphodel,N,,
Tribulus terrestris,caltrop,I,,
Trichophorum alpinum,Hudson bay bulrush,N,,
Trichophorum cespitosum,tufted bulrush,N,,
Trichophorum clintonii,Clinton's bulrush,N,T,
Trientalis borealis,starflower,N,,
Trifolium arvense,rabbit's foot clover,I,,
Trifolium aureum,palmate hop clover,I,,
Trifolium campestre,field hop clover,I,,
Trifolium hybridum,alsike clover,I,,
Trifolium incarnatum,crimson clover,I,,
Trifolium pratense,red clover,I,,
Trifolium repens,white clover,I,,
Triglochin maritima,seaside arrowgrass,N,,
Triglochin palustris,marsh arrowgrass,N,,
Trillium cernuum,nodding trillium,N,,
Trillium flexipes,drooping trillium,N,,
Trillium grandiflorum,large-flowered trillium,N,,
Trillium nivale,snow trillium,N,SC,
Triodanis leptocarpa,slender-fruited Venus' looking-glass,N,H,
Triodanis perfoliata,clasping-leaved Venus' looking-glass,N,,
Triosteum aurantiacum,orange-fruit horse gentian,N,,
Triosteum perfoliatum,late horse gentian,N,,
Triplasis purpurea var. purpurea,purple sandgrass,N,SC,
Tripleurospermum inodorum,scentless false mayweed,I,,
Trisetum spicatum,spike trisetum,N,SC,
Tsuga canadensis,eastern hemlock,N,E,
Turritis glabra,tower mustard,N,,
Typha angustifolia,narrow-leaved cattail,I,,
Typha ×glauca,hybrid cattail,I,,
Typha latifolia,broad-leaved cattail,N,,
Ulmus americana,American elm,N,,
Ulmus pumila,Siberian elm,I,,
Ulmus rubra,red elm,N,,
Ulmus thomasii,rock elm,N,,
Urtica dioica subsp. gracilis,stinging nettle,I,,
Utricularia cornuta,horned bladderwort,N,,
Utricularia geminiscapa,hidden-fruit bladderwort,N,T,
Utricularia gibba,humped bladderwort,N,,
Utricularia intermedia,intermediate bladderwort,N,,
Utricularia minor,lesser bladderwort,N,,
Utricularia purpurea,purple-flowered bladderwort,N,E,
Utricularia resupinata,lavender bladderwort,N,T,
Utricularia vulgaris,common bladderwort,N,,
Uvularia grandiflora,large-flowered bellwort,N,,
Uvularia sessilifolia,pale bellwort,N,,
Vaccaria hispanica,cowherb,I,,
Vaccinium angustifolium,lowbush blueberry,N,,
Vaccinium caespitosum,dwarf bilberry,N,,
Vaccinium macrocarpon,large cranberry,N,,
Vaccinium myrtilloides,velvet-leaved blueberry,N,,
Vaccinium oxycoccos,small cranberry,N,,
Vaccinium uliginosum,alpine bilberry,N,E,
Vaccinium vitis-idaea,lingonberry,N,,
Valeriana edulis var. ciliata,edible valerian,N,T,
Valeriana officinalis,garden heliotrope,I,,
Vallisneria americana,eelgrass,N,,
Verbascum blattaria,moth mullein,I,,
Verbascum thapsus,common mullein,I,,
Verbena bracteata,large-bracted vervain,I,,
Verbena ×deamii,Deam's vervain,N,H,
Verbena hastata,blue vervain,N,,
Verbena ×perriana,hybrid vervain,N,H,
Verbena simplex,narrow-leaved vervain,N,SC,
Verbena stricta,hoary vervain,N,,
Verbena urticifolia,white vervain,N,,
Vernonia fasciculata,bunched ironweed,N,,
Veronica americana,American brooklime,N,,
Veronica arvensis,corn speedwell,I,,
Veronica catenata,water speedwell,N,,
Veronica longifolia,seaside Veronica,I,,
Veronica officinalis,common speedwell,I,,
Veronica peregrina,purslane speedwell,N,,
Veronica peregrina var. peregrina ,purslane speedwell,N,,
Veronica peregrina var. xalapensis ,purslane speedwell,N,,
Veronica persica,bird's eye speedwell,I,,
Veronica scutellata,marsh speedwell,N,,
Veronica serpyllifolia,thyme-leaved speedwell,U,,
Veronica serpyllifolia var. humifusa ,thyme-leaved speedwell,N,,
Veronica serpyllifolia var. serpyllifolia ,thyme-leaved speedwell,I,,
Veronicastrum virginicum,Culver's root,N,,
Veronica verna,spring speedwell,I,,
Viburnum edule,squashberry,N,,
Viburnum lentago,nannyberry,N,,
Viburnum opulus,European cranberrybush,I,,
Viburnum rafinesquianum,downy arrowwood,N,,
Viburnum rafinesquianum var. affine ,downy arrowwood,N,,
Viburnum rafinesquianum var. rafinesquianum ,downy arrowwood,N,,
Viburnum trilobum,highbush cranberry,N,,
Vicia americana,American vetch,N,,
Vicia americana var. americana ,American vetch,N,,
Vicia americana var. minor ,American vetch,N,,
Vicia angustifolia,narrow-leaved vetch,I,,
Vicia cracca,tufted vetch,I,,
Vicia sativa,spring vetch,I,,
Vicia villosa,hairy vetch,I,,
Viola adunca,sand violet,N,,
Viola blanda,big-leaved white violet,N,,
Viola canadensis var. rugulosa,rugulose violet,N,,
Viola conspersa,dog violet,N,,
Viola cucullata,marsh violet,N,,
Viola lanceolata var. lanceolata,lance-leaf violet,N,T,
Viola macloskeyi var. pallens,northern white violet,N,,
Viola nephrophylla,northern bog violet,N,,
Viola novae-angliae,New England violet,N,,
Viola nuttallii,yellow prairie violet,N,T,
Viola palmata var. pedatifida,bearded birdfoot violet,N,,
Viola pedata,beardless birdfoot violet,N,,
Viola ×primulifolia,primrose violet,N,W,
Viola pubescens,yellow violet,N,,
Viola renifolia,kidney-leaved violet,N,,
Viola sagittata,arrow-leaved violet,N,,
Viola selkirkii,great-spurred violet,N,,
Viola sororia,common blue violet,N,,
Viola tricolor,pansy,I,,
Vitis aestivalis var. bicolor,silverleaf grape,N,T,
Vitis riparia,wild grape,N,,
Vulpia octoflora,six-weeks fescue,N,,
Vulpia octoflora var. glauca ,eightweeks fescue,N,,
Vulpia octoflora var. octoflora ,sixweeks fescue,N,,
Waldsteinia fragarioides var. fragarioides,barren strawberry,N,SC,
Wolffia borealis,spotted watermeal,N,,
Wolffia columbiana,Columbian watermeal,N,,
Woodsia ×abbeae,Abbe's woodsia,N,,
Woodsia alpina,alpine woodsia,N,T,
Woodsia glabella,smooth woodsia,N,T,
Woodsia ×gracilis,slender woodsia,N,,
Woodsia ilvensis,rusty woodsia,N,,
Woodsia ×maxonii,Oregon and Rocky Mountain woodsia hybrid,N,H,
Woodsia obtusa subsp. obtusa,blunt-lobed woodsia,N,,
Woodsia oregana subsp. cathcartiana,Oregon woodsia,N,SC,
Woodsia scopulina subsp. laurentiana,Rocky Mountain woodsia,N,T,
Xanthisma spinulosum var. spinulosum,cutleaf ironplant,N,SC,
Xanthium strumarium,cocklebur,N,,
Xyris montana,montane yellow-eyed grass,N,SC,
Xyris torta,twisted yellow-eyed grass,N,E,
Zannichellia palustris,horned pondweed,N,,
Zanthoxylum americanum,prickly ash,N,,
Zigadenus elegans,white camas,N,,
Zizania aquatica var. aquatica,southern wild rice,N,W,
Zizania palustris,northern wild rice,N,,
Zizania palustris var. interior ,northern wild rice,N,,
Zizania palustris var. palustris ,northern wild rice,N,,
Zizia aptera,heart-leaved alexanders,N,,
Zizia aurea,golden alexanders,N,,
